V1	V2
1	334735at7147	d1
2	73077at7147	d1
3	18072at7147	d1
4	252793at7147	d1
5	338944at7147	d1
6	305652at7147	d1
7	292349at7147	d1
8	242116at7147	d1
9	71118at7147	d1
10	68717at7147	d1
11	166761at7147	d1
12	75679at7147	d1
13	67359at7147	d1
14	257716at7147	d1
15	71572at7147	d1
16	37245at7147	d1
17	182096at7147	d1
18	75810at7147	d1
19	177533at7147	d1
20	74687at7147	d1
21	301586at7147	d1
22	71780at7147	d1
23	147576at7147	d1
24	240445at7147	d1
25	141501at7147	d1
26	59885at7147	d1
27	66590at7147	d1
28	143663at7147	d1
29	250017at7147	d1
30	18059at7147	d1
31	276635at7147	d1
32	63515at7147	d1
33	69554at7147	d1
34	181073at7147	d1
35	74464at7147	d1
36	214308at7147	d1
37	40882at7147	d1
38	72241at7147	d1
39	180334at7147	d1
40	355935at7147	d1
41	307283at7147	d1
42	281190at7147	d1
43	311243at7147	d1
44	65990at7147	d1
45	2904at7147	d1
46	279956at7147	d1
47	169217at7147	d1
48	235656at7147	d1
49	62055at7147	d1
50	60554at7147	d1
51	151105at7147	d1
52	214968at7147	d1
53	283995at7147	d1
54	179778at7147	d1
55	58118at7147	d1
56	203695at7147	d1
57	71696at7147	d1
58	13052at7147	d1
59	72228at7147	d1
60	321152at7147	d1
61	329352at7147	d1
62	75288at7147	d1
63	335848at7147	d1
64	215117at7147	d1
65	253719at7147	d1
66	183135at7147	d1
67	196109at7147	d1
68	37774at7147	d1
69	65894at7147	d1
70	63216at7147	d1
71	33297at7147	d1
72	264069at7147	d1
73	107173at7147	d1
74	17402at7147	d1
75	37172at7147	d1
76	246004at7147	d1
77	65476at7147	d1
78	61444at7147	d1
79	345771at7147	d1
80	243289at7147	d1
81	61874at7147	d1
82	349133at7147	d1
83	64379at7147	d1
84	233263at7147	d1
85	268789at7147	d1
86	165004at7147	d1
87	187585at7147	d1
88	70347at7147	d1
89	37084at7147	d1
90	100497at7147	d1
91	346119at7147	d1
92	277684at7147	d1
93	225425at7147	d1
94	278990at7147	d1
95	180813at7147	d1
96	236052at7147	d1
97	267590at7147	d1
98	285918at7147	d1
99	192144at7147	d1
100	58209at7147	d1
101	167970at7147	d1
102	2908at7147	d1
103	212046at7147	d1
104	224801at7147	d1
105	58968at7147	d1
106	343796at7147	d1
107	197958at7147	d1
108	340578at7147	d1
109	260031at7147	d1
110	355590at7147	d1
111	57304at7147	d1
112	219089at7147	d1
113	222038at7147	d1
114	339407at7147	d1
115	221772at7147	d1
116	254077at7147	d1
117	285173at7147	d1
118	281134at7147	d1
119	71402at7147	d1
120	265827at7147	d1
121	63723at7147	d1
122	322306at7147	d1
123	210193at7147	d1
124	262788at7147	d1
125	306096at7147	d1
126	307172at7147	d1
127	292746at7147	d1
128	317464at7147	d1
129	178822at7147	d1
130	241783at7147	d1
131	75137at7147	d1
132	171548at7147	d1
133	6256at7147	d1
134	126196at7147	d1
135	75673at7147	d1
136	70937at7147	d1
137	33932at7147	d1
138	75263at7147	d1
139	143890at7147	d1
140	291313at7147	d1
141	66722at7147	d1
142	75166at7147	d1
143	163251at7147	d1
144	264989at7147	d1
145	66744at7147	d1
146	74476at7147	d1
147	60759at7147	d1
148	176436at7147	d1
149	2306at7147	d1
150	346045at7147	d1
151	4095at7147	d1
152	301812at7147	d1
153	10821at7147	d1
154	1123at7147	d1
155	65184at7147	d1
156	235410at7147	d1
157	9921at7147	d1
158	247149at7147	d1
159	68270at7147	d1
160	184229at7147	d1
161	310734at7147	d1
162	76014at7147	d1
163	164929at7147	d1
164	70188at7147	d1
165	240343at7147	d1
166	167892at7147	d1
167	317831at7147	d1
168	76970at7147	d1
169	338061at7147	d1
170	187864at7147	d1
171	331213at7147	d1
172	29361at7147	d1
173	74708at7147	d1
174	337722at7147	d1
175	296856at7147	d1
176	247122at7147	d1
177	270804at7147	d1
178	57453at7147	d1
179	69384at7147	d1
180	27970at7147	d1
181	250348at7147	d1
182	310143at7147	d1
183	44463at7147	d1
184	21581at7147	d1
185	64129at7147	d1
186	167826at7147	d1
187	69166at7147	d1
188	49793at7147	d1
189	236334at7147	d1
190	20583at7147	d1
191	280454at7147	d1
192	60158at7147	d1
193	328966at7147	d1
194	69502at7147	d1
195	283259at7147	d1
196	65008at7147	d1
197	34900at7147	d1
198	57561at7147	d1
199	251467at7147	d1
200	56458at7147	d1
201	60086at7147	d1
202	291500at7147	d1
203	62123at7147	d1
204	340811at7147	d1
205	76399at7147	d1
206	217739at7147	d1
207	269320at7147	d1
208	206281at7147	d1
209	218216at7147	d1
210	230721at7147	d1
211	238345at7147	d1
212	59971at7147	d1
213	60394at7147	d1
214	249262at7147	d1
215	62191at7147	d1
216	219709at7147	d1
217	209924at7147	d1
218	61379at7147	d1
219	265148at7147	d1
220	63462at7147	d1
221	193386at7147	d1
222	249582at7147	d1
223	312587at7147	d1
224	175731at7147	d1
225	57855at7147	d1
226	248755at7147	d1
227	318596at7147	d1
228	57452at7147	d1
229	70107at7147	d1
230	60416at7147	d1
231	251252at7147	d1
232	209312at7147	d1
233	72437at7147	d1
234	240602at7147	d1
235	271895at7147	d1
236	57264at7147	d1
237	56533at7147	d1
238	125860at7147	d1
239	49577at7147	d1
240	177735at7147	d1
241	61663at7147	d1
242	17796at7147	d1
243	61788at7147	d1
244	166496at7147	d1
245	66992at7147	d1
246	64717at7147	d1
247	243843at7147	d1
248	313187at7147	d1
249	224130at7147	d1
250	75286at7147	d1
251	75302at7147	d1
252	64043at7147	d1
253	331320at7147	d1
254	258940at7147	d1
255	245428at7147	d1
256	294678at7147	d1
257	55348at7147	d1
258	224781at7147	d1
259	267265at7147	d1
260	143579at7147	d1
261	163621at7147	d1
262	69191at7147	d1
263	7326at7147	d1
264	203444at7147	d1
265	264845at7147	d1
266	221120at7147	d1
267	177507at7147	d1
268	271219at7147	d1
269	243122at7147	d1
270	238331at7147	d1
271	73781at7147	d1
272	29583at7147	d1
273	42951at7147	d1
274	28615at7147	d1
275	66719at7147	d1
276	316862at7147	d1
277	54600at7147	d1
278	24444at7147	d1
279	61054at7147	d1
280	251908at7147	d1
281	72059at7147	d1
282	294625at7147	d1
283	20674at7147	d1
284	58385at7147	d1
285	244394at7147	d1
286	301738at7147	d1
287	167257at7147	d1
288	325652at7147	d1
289	269538at7147	d1
290	167382at7147	d1
291	199473at7147	d1
292	207078at7147	d1
293	266202at7147	d1
294	252968at7147	d1
295	319751at7147	d1
296	215856at7147	d1
297	301911at7147	d1
298	65550at7147	d1
299	452at7147	d1
300	60375at7147	d1
301	11292at7147	d1
302	290444at7147	d1
303	290691at7147	d1
304	313720at7147	d1
305	350084at7147	d1
306	213540at7147	d1
307	312646at7147	d1
308	207122at7147	d1
309	163466at7147	d1
310	221865at7147	d1
311	67909at7147	d1
312	288954at7147	d1
313	57255at7147	d1
314	41576at7147	d1
315	321070at7147	d1
316	69769at7147	d1
317	205575at7147	d1
318	229985at7147	d1
319	234740at7147	d1
320	540at7147	d1
321	72083at7147	d1
322	276040at7147	d1
323	162166at7147	d1
324	249592at7147	d1
325	312089at7147	d1
326	262736at7147	d1
327	66525at7147	d1
328	348620at7147	d1
329	67224at7147	d1
330	35156at7147	d1
331	294184at7147	d1
332	63583at7147	d1
333	73088at7147	d1
334	257724at7147	d1
335	243513at7147	d1
336	76203at7147	d1
337	247416at7147	d1
338	76547at7147	d1
339	71479at7147	d1
340	215847at7147	d1
341	168098at7147	d1
342	54805at7147	d1
343	240448at7147	d1
344	300243at7147	d1
345	74406at7147	d1
346	34764at7147	d1
347	65657at7147	d1
348	286673at7147	d1
349	4470at7147	d1
350	251776at7147	d1
351	66810at7147	d1
352	70013at7147	d1
353	29601at7147	d1
354	3788at7147	d1
355	76836at7147	d1
356	182092at7147	d1
357	253148at7147	d1
358	269141at7147	d1
359	66787at7147	d1
360	166887at7147	d1
361	203937at7147	d1
362	68228at7147	d1
363	67523at7147	d1
364	313017at7147	d1
365	167199at7147	d1
366	162532at7147	d1
367	162607at7147	d1
368	61922at7147	d1
369	28937at7147	d1
370	240412at7147	d1
371	302362at7147	d1
372	196881at7147	d1
373	61968at7147	d1
374	189871at7147	d1
375	332963at7147	d1
376	302560at7147	d1
377	316900at7147	d1
378	327274at7147	d1
379	66557at7147	d1
380	45696at7147	d1
381	23365at7147	d1
382	34985at7147	d1
383	67133at7147	d1
384	257513at7147	d1
385	26382at7147	d1
386	167857at7147	d1
387	65866at7147	d1
388	17982at7147	d1
389	114519at7147	d1
390	64192at7147	d1
391	315468at7147	d1
392	284347at7147	d1
393	222421at7147	d1
394	251255at7147	d1
395	292726at7147	d1
396	65956at7147	d1
397	267242at7147	d1
398	37882at7147	d1
399	36740at7147	d1
400	73491at7147	d1
401	297732at7147	d1
402	66795at7147	d1
403	33085at7147	d1
404	212769at7147	d1
405	271359at7147	d1
406	240798at7147	d1
407	75919at7147	d1
408	280885at7147	d1
409	9938at7147	d1
410	183493at7147	d1
411	11888at7147	d1
412	101651at7147	d1
413	269533at7147	d1
414	297739at7147	d1
415	72723at7147	d1
416	68421at7147	d1
417	66707at7147	d1
418	71583at7147	d1
419	13207at7147	d1
420	275895at7147	d1
421	321465at7147	d1
422	38461at7147	d1
423	37496at7147	d1
424	308534at7147	d1
425	279591at7147	d1
426	299971at7147	d1
427	24690at7147	d1
428	4829at7147	d1
429	66704at7147	d1
430	66139at7147	d1
431	241656at7147	d1
432	280062at7147	d1
433	75011at7147	d1
434	69582at7147	d1
435	55471at7147	d1
436	227886at7147	d1
437	70861at7147	d1
438	55124at7147	d1
439	190806at7147	d1
440	172608at7147	d1
441	71503at7147	d1
442	54856at7147	d1
443	250930at7147	d1
444	164211at7147	d1
445	65934at7147	d1
446	54790at7147	d1
447	174920at7147	d1
448	61498at7147	d1
449	2635at7147	d1
450	172545at7147	d1
451	314202at7147	d1
452	173922at7147	d1
453	69951at7147	d1
454	66177at7147	d1
455	295694at7147	d1
456	73913at7147	d1
457	225812at7147	d1
458	272414at7147	d1
459	73893at7147	d1
460	142376at7147	d1
461	1914at7147	d1
462	19746at7147	d1
463	66948at7147	d1
464	60819at7147	d1
465	27268at7147	d1
466	249654at7147	d1
467	66761at7147	d1
468	274432at7147	d1
469	329721at7147	d1
470	167499at7147	d1
471	315365at7147	d1
472	166165at7147	d1
473	39681at7147	d1
474	166974at7147	d1
475	66610at7147	d1
476	45853at7147	d1
477	225861at7147	d1
478	204218at7147	d1
479	230420at7147	d1
480	2881at7147	d1
481	24411at7147	d1
482	206995at7147	d1
483	227440at7147	d1
484	317550at7147	d1
485	36899at7147	d1
486	7798at7147	d1
487	260978at7147	d1
488	252361at7147	d1
489	178536at7147	d1
490	343418at7147	d1
491	75282at7147	d1
492	220877at7147	d1
493	45643at7147	d1
494	1984at7147	d1
495	66352at7147	d1
496	342494at7147	d1
497	302118at7147	d1
498	168044at7147	d1
499	163134at7147	d1
500	255198at7147	d1
501	44237at7147	d1
502	55986at7147	d1
503	252544at7147	d1
504	165751at7147	d1
505	254729at7147	d1
506	260437at7147	d1
507	241233at7147	d1
508	288308at7147	d1
509	55645at7147	d1
510	32273at7147	d1
511	61699at7147	d1
512	61391at7147	d1
513	223792at7147	d1
514	46907at7147	d1
515	113155at7147	d1
516	235988at7147	d1
517	21468at7147	d1
518	62147at7147	d1
519	69184at7147	d1
520	72463at7147	d1
521	267483at7147	d1
522	197948at7147	d1
523	175870at7147	d1
524	67559at7147	d1
525	325730at7147	d1
526	242564at7147	d1
527	299690at7147	d1
528	57004at7147	d1
529	72244at7147	d1
530	204566at7147	d1
531	173527at7147	d1
532	54880at7147	d1
533	163408at7147	d1
534	74055at7147	d1
535	276321at7147	d1
536	328374at7147	d1
537	265490at7147	d1
538	154325at7147	d1
539	75710at7147	d1
540	47598at7147	d1
541	72465at7147	d1
542	348693at7147	d1
543	61375at7147	d1
544	339797at7147	d1
545	72527at7147	d1
546	72423at7147	d1
547	203733at7147	d1
548	54941at7147	d1
549	209963at7147	d1
550	194212at7147	d1
551	343958at7147	d1
552	63677at7147	d1
553	325959at7147	d1
554	250167at7147	d1
555	65478at7147	d1
556	152075at7147	d1
557	299296at7147	d1
558	306523at7147	d1
559	55690at7147	d1
560	176414at7147	d1
561	241109at7147	d1
562	271333at7147	d1
563	280039at7147	d1
564	59290at7147	d1
565	234666at7147	d1
566	229091at7147	d1
567	262641at7147	d1
568	32472at7147	d1
569	184445at7147	d1
570	177018at7147	d1
571	71229at7147	d1
572	57083at7147	d1
573	163275at7147	d1
574	161838at7147	d1
575	77075at7147	d1
576	264861at7147	d1
577	63274at7147	d1
578	215452at7147	d1
579	167517at7147	d1
580	307135at7147	d1
581	44945at7147	d1
582	50487at7147	d1
583	15336at7147	d1
584	293157at7147	d1
585	74259at7147	d1
586	234677at7147	d1
587	211833at7147	d1
588	152457at7147	d1
589	172179at7147	d1
590	303019at7147	d1
591	26206at7147	d1
592	220544at7147	d1
593	229817at7147	d1
594	163566at7147	d1
595	55135at7147	d1
596	165929at7147	d1
597	20189at7147	d1
598	255800at7147	d1
599	340913at7147	d1
600	56673at7147	d1
601	63890at7147	d1
602	184965at7147	d1
603	202522at7147	d1
604	182746at7147	d1
605	69560at7147	d1
606	257034at7147	d1
607	328868at7147	d1
608	177818at7147	d1
609	157102at7147	d1
610	63370at7147	d1
611	73409at7147	d1
612	154893at7147	d1
613	35501at7147	d1
614	205813at7147	d1
615	71992at7147	d1
616	182448at7147	d1
617	67366at7147	d1
618	181624at7147	d1
619	243722at7147	d1
620	56536at7147	d1
621	317570at7147	d1
622	73200at7147	d1
623	56218at7147	d1
624	202222at7147	d1
625	271012at7147	d1
626	73681at7147	d1
627	65157at7147	d1
628	68886at7147	d1
629	68238at7147	d1
630	204245at7147	d1
631	235602at7147	d1
632	178266at7147	d1
633	262164at7147	d1
634	166996at7147	d1
635	73713at7147	d1
636	220551at7147	d1
637	260788at7147	d1
638	183298at7147	d1
639	310552at7147	d1
640	205708at7147	d1
641	68422at7147	d1
642	72688at7147	d1
643	65571at7147	d1
644	60242at7147	d1
645	165770at7147	d1
646	306015at7147	d1
647	201478at7147	d1
648	175325at7147	d1
649	67705at7147	d1
650	270382at7147	d1
651	169203at7147	d1
652	203903at7147	d1
653	309380at7147	d1
654	315858at7147	d1
655	139373at7147	d1
656	282449at7147	d1
657	76767at7147	d1
658	241416at7147	d1
659	68596at7147	d1
660	60815at7147	d1
661	278577at7147	d1
662	67287at7147	d1
663	254294at7147	d1
664	331204at7147	d1
665	25769at7147	d1
666	96920at7147	d1
667	168291at7147	d1
668	61562at7147	d1
669	18923at7147	d1
670	164941at7147	d1
671	329987at7147	d1
672	231185at7147	d1
673	58647at7147	d1
674	73360at7147	d1
675	243117at7147	d1
676	61808at7147	d1
677	62969at7147	d1
678	197548at7147	d1
679	286690at7147	d1
680	168384at7147	d1
681	246425at7147	d1
682	62682at7147	d1
683	10589at7147	d1
684	227814at7147	d1
685	270657at7147	d1
686	229132at7147	d1
687	230100at7147	d1
688	227465at7147	d1
689	62350at7147	d1
690	284136at7147	d1
691	64947at7147	d1
692	229432at7147	d1
693	55494at7147	d1
694	101192at7147	d1
695	39784at7147	d1
696	66632at7147	d1
697	54771at7147	d1
698	66740at7147	d1
699	60771at7147	d1
700	269897at7147	d1
701	55771at7147	d1
702	67239at7147	d1
703	331960at7147	d1
704	76164at7147	d1
705	274415at7147	d1
706	64216at7147	d1
707	328594at7147	d1
708	77025at7147	d1
709	255232at7147	d1
710	287408at7147	d1
711	66998at7147	d1
712	215518at7147	d1
713	221229at7147	d1
714	185268at7147	d1
715	230190at7147	d1
716	237923at7147	d1
717	297825at7147	d1
718	286884at7147	d1
719	75697at7147	d1
720	49217at7147	d1
721	12283at7147	d1
722	252301at7147	d1
723	201937at7147	d1
724	145710at7147	d1
725	276150at7147	d1
726	58372at7147	d1
727	60650at7147	d1
728	187777at7147	d1
729	167011at7147	d1
730	63704at7147	d1
731	62423at7147	d1
732	239932at7147	d1
733	172610at7147	d1
734	35706at7147	d1
735	63836at7147	d1
736	330235at7147	d1
737	56046at7147	d1
738	63321at7147	d1
739	168749at7147	d1
740	54905at7147	d1
741	285439at7147	d1
742	71081at7147	d1
743	67785at7147	d1
744	63658at7147	d1
745	180476at7147	d1
746	56488at7147	d1
747	57531at7147	d1
748	67112at7147	d1
749	72226at7147	d1
750	168086at7147	d1
751	265145at7147	d1
752	186856at7147	d1
753	318996at7147	d1
754	281385at7147	d1
755	260456at7147	d1
756	245844at7147	d1
757	265189at7147	d1
758	202954at7147	d1
759	166700at7147	d1
760	57097at7147	d1
761	10709at7147	d1
762	310315at7147	d1
763	284372at7147	d1
764	330435at7147	d1
765	74677at7147	d1
766	338004at7147	d1
767	331518at7147	d1
768	71640at7147	d1
769	70996at7147	d1
770	211486at7147	d1
771	165376at7147	d1
772	55349at7147	d1
773	210564at7147	d1
774	26486at7147	d1
775	240204at7147	d1
776	184186at7147	d1
777	178219at7147	d1
778	275730at7147	d1
779	192881at7147	d1
780	62295at7147	d1
781	305169at7147	d1
782	60412at7147	d1
783	257205at7147	d1
784	60701at7147	d1
785	330973at7147	d1
786	76995at7147	d1
787	293181at7147	d1
788	254236at7147	d1
789	232297at7147	d1
790	4069at7147	d1
791	56300at7147	d1
792	69674at7147	d1
793	70846at7147	d1
794	172656at7147	d1
795	77043at7147	d1
796	72235at7147	d1
797	277736at7147	d1
798	168583at7147	d1
799	285941at7147	d1
800	264404at7147	d1
801	164649at7147	d1
802	180842at7147	d1
803	98857at7147	d1
804	206399at7147	d1
805	276759at7147	d1
806	111861at7147	d1
807	50930at7147	d1
808	315138at7147	d1
809	235960at7147	d1
810	57816at7147	d1
811	69007at7147	d1
812	69110at7147	d1
813	73094at7147	d1
814	331586at7147	d1
815	263812at7147	d1
816	258230at7147	d1
817	73346at7147	d1
818	48185at7147	d1
819	36930at7147	d1
820	218373at7147	d1
821	289085at7147	d1
822	209603at7147	d1
823	316860at7147	d1
824	279885at7147	d1
825	64850at7147	d1
826	19729at7147	d1
827	3577at7147	d1
828	75442at7147	d1
829	22719at7147	d1
830	206872at7147	d1
831	328432at7147	d1
832	165956at7147	d1
833	60031at7147	d1
834	247288at7147	d1
835	213523at7147	d2
836	60331at7147	d2
837	309819at7147	d2
838	241789at7147	d2
839	58613at7147	d2
840	258008at7147	d2
841	280947at7147	d2
842	54702at7147	d2
843	62725at7147	d2
844	190150at7147	d2
845	105213at7147	d2
846	38629at7147	d2
847	318454at7147	d2
848	204542at7147	d2
849	47783at7147	d2
850	42351at7147	d2
851	198230at7147	d2
852	74295at7147	d2
853	62737at7147	d2
854	297671at7147	d2
855	70912at7147	d2
856	253354at7147	d2
857	69265at7147	d2
858	66491at7147	d2
859	242359at7147	d2
860	249446at7147	d2
861	70035at7147	d2
862	62696at7147	d2
863	323798at7147	d2
864	214371at7147	d2
865	217749at7147	d2
866	73281at7147	d2
867	57059at7147	d2
868	26679at7147	d2
869	319031at7147	d2
870	20309at7147	d2
871	204443at7147	d2
872	61443at7147	d2
873	19750at7147	d2
874	58228at7147	d2
875	277262at7147	d2
876	57924at7147	d2
877	58433at7147	d2
878	249036at7147	d2
879	237768at7147	d2
880	251353at7147	d2
881	143893at7147	d2
882	281157at7147	d2
883	60410at7147	d2
884	197569at7147	d2
885	57289at7147	d2
886	122812at7147	d2
887	214620at7147	d2
888	297946at7147	d2
889	48408at7147	d2
890	292205at7147	d2
891	60611at7147	d2
892	295911at7147	d2
893	309384at7147	d2
894	121971at7147	d2
895	6736at7147	d2
896	55227at7147	d2
897	55221at7147	d2
898	14368at7147	d2
899	340173at7147	d2
900	236124at7147	d2
901	303404at7147	d2
902	237178at7147	d2
903	299630at7147	d2
904	57446at7147	d2
905	242397at7147	d2
906	290784at7147	d2
907	304228at7147	d2
908	231937at7147	d2
909	203576at7147	d2
910	197411at7147	d2
911	150963at7147	d2
912	71970at7147	d2
913	330890at7147	d2
914	331757at7147	d2
915	70744at7147	d2
916	68972at7147	d2
917	62676at7147	d2
918	334639at7147	d2
919	273898at7147	d2
920	259017at7147	d2
921	61602at7147	d2
922	73993at7147	d2
923	105665at7147	d2
924	15956at7147	d2
925	288139at7147	d2
926	71179at7147	d2
927	254635at7147	d2
928	187010at7147	d2
929	67469at7147	d2
930	66330at7147	d2
931	261520at7147	d2
932	219991at7147	d2
933	70108at7147	d2
934	279432at7147	d2
935	331266at7147	d2
936	32490at7147	d2
937	257149at7147	d2
938	175942at7147	d2
939	281152at7147	d2
940	6130at7147	d2
941	176480at7147	d2
942	256046at7147	d2
943	87043at7147	d2
944	293374at7147	d2
945	260974at7147	d2
946	239086at7147	d2
947	69480at7147	d2
948	65291at7147	d2
949	322591at7147	d2
950	994at7147	d2
951	63928at7147	d2
952	333331at7147	d2
953	74832at7147	d2
954	73512at7147	d2
955	56611at7147	d2
956	168077at7147	d2
957	269444at7147	d2
958	74200at7147	d2
959	168990at7147	d2
960	73909at7147	d2
961	177041at7147	d2
962	75999at7147	d2
963	181020at7147	d2
964	57127at7147	d2
965	283834at7147	d2
966	87700at7147	d2
967	173828at7147	d2
968	111315at7147	d2
969	231059at7147	d2
970	161437at7147	d2
971	15468at7147	d2
972	222906at7147	d2
973	317194at7147	d2
974	16822at7147	d2
975	153799at7147	d2
976	268929at7147	d2
977	333462at7147	d2
978	277982at7147	d2
979	165107at7147	d2
980	213638at7147	d2
981	165293at7147	d2
982	26452at7147	d2
983	65808at7147	d2
984	72039at7147	d2
985	229026at7147	d2
986	338571at7147	d2
987	186042at7147	d2
988	297775at7147	d2
989	356064at7147	d2
990	77242at7147	d2
991	309142at7147	d2
992	265585at7147	d2
993	76361at7147	d2
994	16873at7147	d2
995	238006at7147	d2
996	265202at7147	d2
997	326071at7147	d2
998	332841at7147	d2
999	338219at7147	d2
1000	23190at7147	d2
1001	99488at7147	d2
1002	12652at7147	d2
1003	224146at7147	d2
1004	334042at7147	d2
1005	257854at7147	d2
1006	74620at7147	d2
1007	319234at7147	d2
1008	42320at7147	d2
1009	174772at7147	d2
1010	310363at7147	d2
1011	63229at7147	d2
1012	34735at7147	d2
1013	60133at7147	d2
1014	235193at7147	d2
1015	63923at7147	d2
1016	169351at7147	d2
1017	56033at7147	d2
1018	290525at7147	d2
1019	4353at7147	d2
1020	314998at7147	d2
1021	326721at7147	d2
1022	56466at7147	d2
1023	245279at7147	d2
1024	57939at7147	d2
1025	13883at7147	d2
1026	61817at7147	d2
1027	164312at7147	d2
1028	72972at7147	d2
1029	331818at7147	d2
1030	324790at7147	d2
1031	257907at7147	d2
1032	122970at7147	d2
1033	165211at7147	d2
1034	230093at7147	d2
1035	261416at7147	d2
1036	165182at7147	d2
1037	71839at7147	d2
1038	74100at7147	d2
1039	200486at7147	d2
1040	345440at7147	d2
1041	18006at7147	d2
1042	73317at7147	d2
1043	67233at7147	d2
1044	66108at7147	d2
1045	63235at7147	d2
1046	60628at7147	d2
1047	75970at7147	d2
1048	320147at7147	d2
1049	25034at7147	d2
1050	73663at7147	d2
1051	146390at7147	d2
1052	21773at7147	d2
1053	232153at7147	d2
1054	25037at7147	d2
1055	320425at7147	d2
1056	229842at7147	d2
1057	287072at7147	d2
1058	286254at7147	d2
1059	209237at7147	d2
1060	229153at7147	d2
1061	300251at7147	d2
1062	75907at7147	d2
1063	281298at7147	d2
1064	219748at7147	d2
1065	68803at7147	d2
1066	219976at7147	d2
1067	193949at7147	d2
1068	246352at7147	d2
1069	40450at7147	d2
1070	265927at7147	d2
1071	34569at7147	d2
1072	258674at7147	d2
1073	28627at7147	d2
1074	209356at7147	d2
1075	64272at7147	d2
1076	54589at7147	d2
1077	76554at7147	d2
1078	57494at7147	d2
1079	299672at7147	d2
1080	133744at7147	d2
1081	65654at7147	d2
1082	61543at7147	d2
1083	206125at7147	d2
1084	62130at7147	d2
1085	12492at7147	d2
1086	178910at7147	d2
1087	63652at7147	d2
1088	270784at7147	d2
1089	278779at7147	d2
1090	58110at7147	d2
1091	200534at7147	d2
1092	266047at7147	d2
1093	327836at7147	d2
1094	234994at7147	d2
1095	27507at7147	d2
1096	226864at7147	d2
1097	59095at7147	d2
1098	74840at7147	d2
1099	74390at7147	d2
1100	315861at7147	d2
1101	77199at7147	d2
1102	207348at7147	d2
1103	215874at7147	d2
1104	67442at7147	d2
1105	55870at7147	d2
1106	323400at7147	d2
1107	253768at7147	d2
1108	316175at7147	d2
1109	75386at7147	d2
1110	202479at7147	d2
1111	198148at7147	d2
1112	57737at7147	d2
1113	314920at7147	d2
1114	230735at7147	d2
1115	231038at7147	d2
1116	300375at7147	d2
1117	71581at7147	d2
1118	237199at7147	d2
1119	73869at7147	d2
1120	165554at7147	d2
1121	55562at7147	d2
1122	73847at7147	d2
1123	301697at7147	d2
1124	73704at7147	d2
1125	48504at7147	d2
1126	194345at7147	d2
1127	350442at7147	d2
1128	278025at7147	d2
1129	325919at7147	d2
1130	272339at7147	d2
1131	194811at7147	d2
1132	40476at7147	d2
1133	69759at7147	d2
1134	343818at7147	d2
1135	282303at7147	d2
1136	66326at7147	d2
1137	164767at7147	d2
1138	69011at7147	d2
1139	172362at7147	d2
1140	329105at7147	d2
1141	311066at7147	d2
1142	235326at7147	d2
1143	73771at7147	d2
1144	355156at7147	d2
1145	280052at7147	d2
1146	192411at7147	d2
1147	70523at7147	d2
1148	5711at7147	d2
1149	10443at7147	d2
1150	133899at7147	d2
1151	265104at7147	d2
1152	65766at7147	d2
1153	58041at7147	d2
1154	163957at7147	d2
1155	250728at7147	d2
1156	64707at7147	d2
1157	245415at7147	d2
1158	70418at7147	d2
1159	199997at7147	d2
1160	3410at7147	d2
1161	56580at7147	d2
1162	176314at7147	d2
1163	75038at7147	d2
1164	166881at7147	d2
1165	63074at7147	d2
1166	191072at7147	d2
1167	70886at7147	d2
1168	70258at7147	d2
1169	277386at7147	d2
1170	55446at7147	d2
1171	337796at7147	d2
1172	190309at7147	d2
1173	231889at7147	d2
1174	309944at7147	d2
1175	162907at7147	d2
1176	256359at7147	d2
1177	97395at7147	d2
1178	73632at7147	d2
1179	179198at7147	d2
1180	55520at7147	d2
1181	247614at7147	d2
1182	300528at7147	d2
1183	297283at7147	d2
1184	58897at7147	d2
1185	255500at7147	d2
1186	219217at7147	d2
1187	33600at7147	d2
1188	238303at7147	d2
1189	69149at7147	d2
1190	240652at7147	d2
1191	66209at7147	d2
1192	266611at7147	d2
1193	230928at7147	d2
1194	320658at7147	d2
1195	244473at7147	d2
1196	296394at7147	d2
1197	62107at7147	d2
1198	73625at7147	d2
1199	54994at7147	d2
1200	4211at7147	d2
1201	14054at7147	d2
1202	225239at7147	d2
1203	162010at7147	d2
1204	66523at7147	d2
1205	168081at7147	d2
1206	203671at7147	d2
1207	30121at7147	d2
1208	74942at7147	d2
1209	271478at7147	d2
1210	72252at7147	d2
1211	203057at7147	d2
1212	66929at7147	d2
1213	64516at7147	d2
1214	54933at7147	d2
1215	11516at7147	d2
1216	165654at7147	d2
1217	69590at7147	d2
1218	56026at7147	d2
1219	228058at7147	d2
1220	265407at7147	d2
1221	60935at7147	d2
1222	286165at7147	d2
1223	348910at7147	d2
1224	59378at7147	d2
1225	333985at7147	d2
1226	62213at7147	d2
1227	70430at7147	d2
1228	62417at7147	d2
1229	269959at7147	d2
1230	191981at7147	d2
1231	191479at7147	d2
1232	61116at7147	d2
1233	169175at7147	d2
1234	165152at7147	d2
1235	249041at7147	d2
1236	76920at7147	d2
1237	190060at7147	d2
1238	263976at7147	d2
1239	332050at7147	d2
1240	146574at7147	d2
1241	72700at7147	d2
1242	76416at7147	d2
1243	77182at7147	d2
1244	171662at7147	d2
1245	188824at7147	d2
1246	235351at7147	d2
1247	68865at7147	d2
1248	220289at7147	d2
1249	21190at7147	d2
1250	254384at7147	d2
1251	60563at7147	d2
1252	350615at7147	d2
1253	168465at7147	d2
1254	237217at7147	d2
1255	34193at7147	d2
1256	354891at7147	d2
1257	66030at7147	d2
1258	70553at7147	d2
1259	236125at7147	d2
1260	303297at7147	d2
1261	217586at7147	d2
1262	212066at7147	d2
1263	144236at7147	d2
1264	15597at7147	d2
1265	57040at7147	d2
1266	76904at7147	d2
1267	168424at7147	d2
1268	204348at7147	d2
1269	76347at7147	d2
1270	56521at7147	d2
1271	62751at7147	d2
1272	168829at7147	d2
1273	72282at7147	d2
1274	304636at7147	d2
1275	74673at7147	d2
1276	211944at7147	d2
1277	164044at7147	d2
1278	215373at7147	d2
1279	70645at7147	d2
1280	65003at7147	d2
1281	32370at7147	d2
1282	178820at7147	d2
1283	35404at7147	d2
1284	34946at7147	d2
1285	185176at7147	d2
1286	327612at7147	d2
1287	91715at7147	d2
1288	66607at7147	d2
1289	169165at7147	d2
1290	279464at7147	d2
1291	218193at7147	d2
1292	57990at7147	d2
1293	302762at7147	d2
1294	1078at7147	d2
1295	263209at7147	d2
1296	69972at7147	d2
1297	2041at7147	d2
1298	242811at7147	d2
1299	308713at7147	d2
1300	351734at7147	d2
1301	70045at7147	d2
1302	186069at7147	d2
1303	176618at7147	d2
1304	292709at7147	d2
1305	76044at7147	d2
1306	257387at7147	d2
1307	61844at7147	d2
1308	166172at7147	d2
1309	265429at7147	d2
1310	283667at7147	d2
1311	67520at7147	d2
1312	322611at7147	d2
1313	66640at7147	d2
1314	74268at7147	d2
1315	34395at7147	d2
1316	355884at7147	d2
1317	200668at7147	d2
1318	250929at7147	d2
1319	3828at7147	d2
1320	75308at7147	d2
1321	2304at7147	d2
1322	299208at7147	d2
1323	331691at7147	d2
1324	298052at7147	d2
1325	55277at7147	d2
1326	3874at7147	d2
1327	232952at7147	d3
1328	207901at7147	d3
1329	75936at7147	d3
1330	246807at7147	d3
1331	211758at7147	d3
1332	168836at7147	d3
1333	57426at7147	d3
1334	343220at7147	d3
1335	65138at7147	d3
1336	262476at7147	d3
1337	105345at7147	d3
1338	276045at7147	d3
1339	345076at7147	d3
1340	285678at7147	d3
1341	197375at7147	d3
1342	58584at7147	d3
1343	305895at7147	d3
1344	28266at7147	d3
1345	214054at7147	d3
1346	76737at7147	d3
1347	282748at7147	d3
1348	266130at7147	d3
1349	64351at7147	d3
1350	337991at7147	d3
1351	135492at7147	d3
1352	57347at7147	d3
1353	313130at7147	d3
1354	63142at7147	d3
1355	179947at7147	d3
1356	291269at7147	d3
1357	21818at7147	d3
1358	185245at7147	d3
1359	55702at7147	d3
1360	276098at7147	d3
1361	273378at7147	d3
1362	4164at7147	d3
1363	259106at7147	d3
1364	169297at7147	d3
1365	348892at7147	d3
1366	168968at7147	d3
1367	315296at7147	d3
1368	73571at7147	d3
1369	55886at7147	d3
1370	348842at7147	d3
1371	300625at7147	d3
1372	340706at7147	d3
1373	191962at7147	d3
1374	16470at7147	d3
1375	221947at7147	d3
1376	226878at7147	d3
1377	186300at7147	d3
1378	77031at7147	d3
1379	25471at7147	d3
1380	37358at7147	d3
1381	168607at7147	d3
1382	304230at7147	d3
1383	71183at7147	d3
1384	55608at7147	d3
1385	70276at7147	d3
1386	311793at7147	d3
1387	235715at7147	d3
1388	68930at7147	d3
1389	26790at7147	d3
1390	22255at7147	d3
1391	63670at7147	d3
1392	297115at7147	d3
1393	60947at7147	d3
1394	235545at7147	d3
1395	56167at7147	d3
1396	64480at7147	d3
1397	76959at7147	d3
1398	72427at7147	d3
1399	58382at7147	d3
1400	26907at7147	d3
1401	59214at7147	d3
1402	211619at7147	d3
1403	59021at7147	d3
1404	74082at7147	d3
1405	265601at7147	d3
1406	271137at7147	d3
1407	54985at7147	d3
1408	310451at7147	d3
1409	162238at7147	d3
1410	75790at7147	d3
1411	195477at7147	d3
1412	74302at7147	d3
1413	195218at7147	d3
1414	205542at7147	d3
1415	167066at7147	d3
1416	327727at7147	d3
1417	35945at7147	d3
1418	72159at7147	d3
1419	216919at7147	d3
1420	75206at7147	d3
1421	73202at7147	d3
1422	294341at7147	d3
1423	331780at7147	d3
1424	72386at7147	d3
1425	311472at7147	d3
1426	69398at7147	d3
1427	57152at7147	d3
1428	242460at7147	d3
1429	218652at7147	d3
1430	100019at7147	d3
1431	183899at7147	d3
1432	175402at7147	d3
1433	289959at7147	d3
1434	308232at7147	d3
1435	193698at7147	d3
1436	69070at7147	d3
1437	287488at7147	d3
1438	316714at7147	d3
1439	60708at7147	d3
1440	73247at7147	d3
1441	229391at7147	d3
1442	94660at7147	d3
1443	40846at7147	d3
1444	319697at7147	d3
1445	254340at7147	d3
1446	40535at7147	d3
1447	60719at7147	d3
1448	25925at7147	d3
1449	64050at7147	d3
1450	287631at7147	d3
1451	339753at7147	d3
1452	283691at7147	d3
1453	254081at7147	d3
1454	283431at7147	d3
1455	217863at7147	d3
1456	183624at7147	d3
1457	61879at7147	d3
1458	60826at7147	d3
1459	221712at7147	d3
1460	1072at7147	d3
1461	59991at7147	d3
1462	165800at7147	d3
1463	262133at7147	d3
1464	73561at7147	d3
1465	74916at7147	d3
1466	32054at7147	d3
1467	35281at7147	d3
1468	193652at7147	d3
1469	215814at7147	d3
1470	64696at7147	d3
1471	176512at7147	d3
1472	59540at7147	d3
1473	242124at7147	d3
1474	252099at7147	d3
1475	274581at7147	d3
1476	63014at7147	d3
1477	219621at7147	d3
1478	142673at7147	d3
1479	63673at7147	d3
1480	351859at7147	d3
1481	192253at7147	d3
1482	302131at7147	d3
1483	333974at7147	d3
1484	73599at7147	d3
1485	184401at7147	d3
1486	259296at7147	d3
1487	8456at7147	d3
1488	76362at7147	d3
1489	322321at7147	d3
1490	286257at7147	d3
1491	314745at7147	d3
1492	56271at7147	d3
1493	73318at7147	d3
1494	310764at7147	d3
1495	162892at7147	d3
1496	336225at7147	d3
1497	309709at7147	d3
1498	291969at7147	d3
1499	10456at7147	d3
1500	73648at7147	d3
1501	67347at7147	d3
1502	68004at7147	d3
1503	66514at7147	d3
1504	54967at7147	d3
1505	201178at7147	d3
1506	315452at7147	d3
1507	67866at7147	d3
1508	56279at7147	d3
1509	343684at7147	d3
1510	193108at7147	d3
1511	43302at7147	d3
1512	69478at7147	d3
1513	326706at7147	d3
1514	309394at7147	d3
1515	62912at7147	d3
1516	350842at7147	d3
1517	301031at7147	d3
1518	40528at7147	d3
1519	163419at7147	d3
1520	313877at7147	d3
1521	69198at7147	d3
1522	277566at7147	d3
1523	328774at7147	d3
1524	274127at7147	d3
1525	266121at7147	d3
1526	289134at7147	d3
1527	267189at7147	d3
1528	47737at7147	d3
1529	204476at7147	d3
1530	75860at7147	d3
1531	61941at7147	d3
1532	249524at7147	d3
1533	59036at7147	d3
1534	224474at7147	d3
1535	264221at7147	d3
1536	186358at7147	d3
1537	250603at7147	d3
1538	318442at7147	d3
1539	214315at7147	d3
1540	5263at7147	d3
1541	54637at7147	d3
1542	307255at7147	d3
1543	313486at7147	d3
1544	216747at7147	d3
1545	75868at7147	d3
1546	76807at7147	d3
1547	184147at7147	d3
1548	70941at7147	d3
1549	191269at7147	d3
1550	66927at7147	d3
1551	266814at7147	d3
1552	41881at7147	d3
1553	267736at7147	d3
1554	103449at7147	d3
1555	162997at7147	d3
1556	55080at7147	d3
1557	45130at7147	d3
1558	17984at7147	d3
1559	202862at7147	d3
1560	323057at7147	d3
1561	74373at7147	d3
1562	63030at7147	d3
1563	223623at7147	d3
1564	75895at7147	d3
1565	235467at7147	d3
1566	33296at7147	d3
1567	335718at7147	d3
1568	76625at7147	d3
1569	328340at7147	d3
1570	241788at7147	d3
1571	4573at7147	d3
1572	270255at7147	d3
1573	54788at7147	d3
1574	248569at7147	d3
1575	352780at7147	d3
1576	311417at7147	d3
1577	61710at7147	d3
1578	280902at7147	d3
1579	65376at7147	d3
1580	234367at7147	d3
1581	204035at7147	d3
1582	256756at7147	d3
1583	13808at7147	d3
1584	294036at7147	d3
1585	237167at7147	d3
1586	265829at7147	d3
1587	253357at7147	d3
1588	309228at7147	d3
1589	222175at7147	d3
1590	185835at7147	d3
1591	5213at7147	d3
1592	172172at7147	d3
1593	59603at7147	d3
1594	7677at7147	d3
1595	234306at7147	d3
1596	248932at7147	d3
1597	61509at7147	d3
1598	333748at7147	d3
1599	298096at7147	d3
1600	73758at7147	d3
1601	72959at7147	d3
1602	74618at7147	d3
1603	305005at7147	d3
1604	259201at7147	d3
1605	165522at7147	d3
1606	174922at7147	d3
1607	337170at7147	d3
1608	233751at7147	d3
1609	227847at7147	d3
1610	297610at7147	d3
1611	67949at7147	d3
1612	182157at7147	d3
1613	39793at7147	d3
1614	62860at7147	d3
1615	19684at7147	d3
1616	65537at7147	d3
1617	194578at7147	d3
1618	3413at7147	d3
1619	292807at7147	d3
1620	64413at7147	d3
1621	26759at7147	d3
1622	265468at7147	d3
1623	343082at7147	d3
1624	314575at7147	d3
1625	263809at7147	d3
1626	55241at7147	d3
1627	256493at7147	d3
1628	194890at7147	d3
1629	204426at7147	d3
1630	302001at7147	d3
1631	287742at7147	d3
1632	270465at7147	d3
1633	74763at7147	d3
1634	186970at7147	d3
1635	65380at7147	d3
1636	55587at7147	d3
1637	248256at7147	d3
1638	231675at7147	d3
1639	61750at7147	d3
1640	245191at7147	d3
1641	337144at7147	d3
1642	8037at7147	d3
1643	62066at7147	d3
1644	32137at7147	d3
1645	309613at7147	d3
1646	163805at7147	d3
1647	54844at7147	d3
1648	202970at7147	d3
1649	72911at7147	d3
1650	349505at7147	d3
1651	263176at7147	d3
1652	61842at7147	d3
1653	308630at7147	d3
1654	287656at7147	d3
1655	34256at7147	d3
1656	202441at7147	d3
1657	318425at7147	d3
1658	55475at7147	d3
1659	7355at7147	d3
1660	55110at7147	d3
1661	72148at7147	d3
1662	292686at7147	d3
1663	60091at7147	d3
1664	273986at7147	d3
1665	40670at7147	d3
1666	181802at7147	d3
1667	232030at7147	d3
1668	10522at7147	d3
1669	165541at7147	d3
1670	70115at7147	d3
1671	222425at7147	d3
1672	67025at7147	d3
1673	182257at7147	d3
1674	292516at7147	d3
1675	50224at7147	d3
1676	283159at7147	d3
1677	5845at7147	d3
1678	167580at7147	d3
1679	25399at7147	d3
1680	196269at7147	d3
1681	63585at7147	d3
1682	189734at7147	d3
1683	303810at7147	d3
1684	326977at7147	d3
1685	264987at7147	d3
1686	177120at7147	d3
1687	26270at7147	d3
1688	302345at7147	d3
1689	98712at7147	d3
1690	348238at7147	d3
1691	30071at7147	d3
1692	351540at7147	d3
1693	269826at7147	d3
1694	193757at7147	d3
1695	302405at7147	d3
1696	277209at7147	d3
1697	217999at7147	d3
1698	17444at7147	d3
1699	178759at7147	d3
1700	265341at7147	d3
1701	76798at7147	d3
1702	274654at7147	d3
1703	61398at7147	d3
1704	291945at7147	d3
1705	216811at7147	d3
1706	242106at7147	d3
1707	274495at7147	d3
1708	185722at7147	d3
1709	188746at7147	d3
1710	36172at7147	d3
1711	336049at7147	d3
1712	65151at7147	d3
1713	197070at7147	d3
1714	291867at7147	d3
1715	339983at7147	d3
1716	172210at7147	d3
1717	164175at7147	d3
1718	61890at7147	d3
1719	261017at7147	d3
1720	184640at7147	d3
1721	12219at7147	d3
1722	61497at7147	d3
1723	177913at7147	d3
1724	243777at7147	d3
1725	2969at7147	d3
1726	4073at7147	d3
1727	17265at7147	d3
1728	63672at7147	d3
1729	74338at7147	d3
1730	126448at7147	d3
1731	1200at7147	d3
1732	68649at7147	d3
1733	247544at7147	d3
1734	355389at7147	d3
1735	165235at7147	d3
1736	218877at7147	d3
1737	252557at7147	d3
1738	69219at7147	d3
1739	67901at7147	d3
1740	62557at7147	d3
1741	186650at7147	d3
1742	167068at7147	d3
1743	222932at7147	d3
1744	10612at7147	d3
1745	71034at7147	d3
1746	7563at7147	d3
1747	224266at7147	d3
1748	32033at7147	d3
1749	61053at7147	d3
1750	66757at7147	d3
1751	72055at7147	d3
1752	71109at7147	d3
1753	75400at7147	d3
1754	229769at7147	d3
1755	313192at7147	d3
1756	166809at7147	d3
1757	232996at7147	d3
1758	233185at7147	d3
1759	13055at7147	d3
1760	177608at7147	d3
1761	56185at7147	d3
1762	74410at7147	d3
1763	237248at7147	d3
1764	256107at7147	d3
1765	69073at7147	d3
1766	295558at7147	d3
1767	65523at7147	d3
1768	65801at7147	d3
1769	330258at7147	d3
1770	46504at7147	d3
1771	224916at7147	d3
1772	64411at7147	d3
1773	218974at7147	d3
1774	54547at7147	d3
1775	8at7147	d3
1776	65992at7147	d3
1777	55671at7147	d3
1778	68482at7147	d3
1779	65361at7147	d3
1780	34007at7147	d3
1781	302500at7147	d3
1782	12100at7147	d3
1783	265154at7147	d3
1784	64333at7147	d3
1785	168795at7147	d3
1786	59881at7147	d3
1787	61242at7147	d3
1788	214763at7147	d3
1789	60514at7147	d3
1790	328778at7147	d3
1791	273176at7147	d3
1792	59208at7147	d3
1793	259157at7147	d3
1794	284819at7147	d3
1795	259332at7147	d3
1796	287476at7147	d3
1797	238031at7147	d3
1798	288317at7147	d3
1799	195214at7147	d3
1800	34360at7147	d3
1801	336167at7147	d3
1802	64195at7147	d3
1803	330356at7147	d3
1804	77188at7147	d3
1805	70383at7147	d3
1806	281523at7147	d3
1807	16128at7147	d3
1808	73639at7147	d3
1809	61024at7147	d3
1810	280464at7147	d3
1811	164984at7147	d3
1812	304040at7147	d3
1813	203569at7147	d3
1814	292560at7147	d3
1815	191342at7147	d3
1816	162863at7147	d3
1817	259255at7147	d3
1818	207537at7147	d3
1819	176483at7147	d3
1820	66007at7147	d3
1821	190022at7147	d3
1822	56486at7147	d3
1823	28877at7147	d3
1824	271043at7147	d3
1825	232528at7147	d3
1826	287774at7147	d3
1827	272975at7147	d3
1828	54903at7147	d3
1829	199691at7147	d3
1830	168362at7147	d3
1831	206361at7147	d3
1832	224516at7147	d3
1833	216533at7147	d3
1834	280361at7147	d3
1835	69924at7147	d3
1836	127852at7147	d3
1837	313023at7147	d3
1838	54542at7147	d3
1839	71593at7147	d3
1840	197196at7147	d3
1841	235831at7147	d3
1842	67195at7147	d3
1843	55641at7147	d3
1844	56534at7147	d3
1845	58362at7147	d3
1846	75531at7147	d3
1847	8734at7147	d3
1848	320558at7147	d3
1849	11484at7147	d3
1850	29552at7147	d3
1851	26565at7147	d3
1852	59706at7147	d3
1853	73667at7147	d3
1854	336581at7147	d3
1855	247859at7147	d3
1856	174522at7147	d3
1857	55818at7147	d3
1858	41456at7147	d3
1859	55224at7147	d3
1860	344160at7147	d3
1861	192217at7147	d3
1862	134526at7147	d3
1863	326743at7147	d3
1864	297571at7147	d3
1865	70546at7147	d3
1866	210072at7147	d3
1867	289612at7147	d3
1868	42863at7147	d3
1869	230103at7147	d3
1870	38132at7147	d3
1871	66069at7147	d3
1872	166819at7147	d3
1873	247961at7147	d3
1874	60157at7147	d3
1875	55109at7147	d3
1876	70976at7147	d3
1877	28547at7147	d3
1878	300196at7147	d3
1879	55577at7147	d3
1880	74048at7147	d3
1881	252823at7147	d3
1882	73211at7147	d3
1883	292255at7147	d3
1884	2552at7147	d3
1885	180122at7147	d3
1886	318883at7147	d3
1887	236620at7147	d3
1888	212800at7147	d3
1889	208542at7147	d3
1890	181105at7147	d3
1891	59197at7147	d3
1892	3308at7147	d3
1893	62613at7147	d3
1894	323507at7147	d3
1895	12973at7147	d3
1896	237431at7147	d3
1897	177883at7147	d3
1898	57586at7147	d3
1899	166680at7147	d3
1900	166470at7147	d3
1901	61286at7147	d3
1902	221587at7147	d3
1903	165549at7147	d3
1904	259299at7147	d3
1905	71372at7147	d3
1906	65217at7147	d3
1907	270852at7147	d3
1908	68417at7147	d3
1909	46512at7147	d3
1910	199444at7147	d3
1911	175877at7147	d3
1912	273636at7147	d3
1913	295953at7147	d3
1914	308242at7147	d3
1915	69699at7147	d3
1916	10620at7147	d3
1917	295624at7147	d3
1918	281347at7147	d3
1919	9356at7147	d3
1920	241406at7147	d3
1921	76179at7147	d3
1922	350662at7147	d3
1923	70366at7147	d3
1924	344135at7147	d3
1925	69557at7147	d3
1926	32815at7147	d3
1927	219340at7147	d3
1928	197894at7147	d3
1929	308882at7147	d3
1930	165155at7147	d3
1931	64274at7147	d3
1932	178903at7147	d3
1933	66048at7147	d3
1934	241665at7147	d3
1935	228587at7147	d3
1936	71129at7147	d3
1937	200390at7147	d3
1938	257063at7147	d3
1939	294505at7147	d3
1940	64519at7147	d3
1941	37186at7147	d3
1942	269544at7147	d3
1943	177434at7147	d3
1944	244942at7147	d3
1945	25365at7147	d3
1946	27053at7147	d3
1947	56706at7147	d3
1948	246361at7147	d3
1949	197207at7147	d3
1950	300291at7147	d3
1951	164185at7147	d3
1952	14376at7147	d3
1953	303659at7147	d3
1954	69950at7147	d3
1955	293685at7147	d3
1956	59058at7147	d3
1957	67899at7147	d3
1958	14042at7147	d3
1959	62560at7147	d3
1960	75376at7147	d3
1961	58562at7147	d3
1962	337071at7147	d3
1963	276315at7147	d3
1964	278660at7147	d3
1965	77231at7147	d3
1966	75814at7147	d3
1967	219671at7147	d3
1968	192597at7147	d3
1969	207803at7147	d3
1970	49837at7147	d3
1971	260626at7147	d3
1972	183669at7147	d3
1973	71146at7147	d3
1974	69310at7147	d3
1975	310580at7147	d3
1976	263544at7147	d3
1977	272160at7147	d3
1978	5488at7147	d3
1979	299836at7147	d3
1980	217498at7147	d3
1981	17793at7147	d3
1982	61713at7147	d3
1983	12361at7147	d3
1984	193077at7147	d3
1985	247442at7147	d3
1986	214518at7147	d3
1987	72445at7147	d3
1988	305949at7147	d3
1989	165515at7147	d3
1990	226641at7147	d3
1991	166453at7147	d3
1992	293743at7147	d3
1993	65643at7147	d3
1994	293787at7147	d3
1995	57868at7147	d3
1996	250473at7147	d3
1997	323574at7147	d3
1998	76952at7147	d3
1999	5433at7147	d3
2000	168032at7147	d3
2001	351128at7147	d3
2002	40345at7147	d3
2003	72683at7147	d3
2004	255002at7147	d3
2005	75113at7147	d3
2006	61388at7147	d3
2007	339679at7147	d3
2008	287289at7147	d3
2009	282848at7147	d3
2010	270008at7147	d3
2011	55659at7147	d3
2012	167369at7147	d3
2013	40115at7147	d3
2014	303109at7147	d3
2015	71851at7147	d3
2016	64130at7147	d3
2017	208964at7147	d3
2018	65232at7147	d3
2019	248179at7147	d3
2020	342481at7147	d3
2021	64183at7147	d3
2022	37183at7147	d3
2023	194155at7147	d3
2024	295714at7147	d3
2025	164964at7147	d3
2026	195977at7147	d3
2027	281264at7147	d3
2028	32293at7147	d3
2029	211985at7147	d3
2030	273635at7147	d3
2031	69092at7147	d3
2032	68535at7147	d3
2033	61797at7147	d3
2034	1247at7147	d3
2035	62045at7147	d3
2036	67989at7147	d3
2037	217300at7147	d3
2038	261364at7147	d3
2039	59758at7147	d3
2040	184601at7147	d3
2041	59056at7147	d3
2042	325776at7147	d3
2043	96682at7147	d3
2044	328111at7147	d3
2045	272043at7147	d3
2046	55290at7147	d3
2047	66567at7147	d3
2048	41454at7147	d3
2049	65323at7147	d3
2050	258591at7147	d3
2051	23846at7147	d3
2052	66361at7147	d3
2053	61559at7147	d3
2054	67045at7147	d3
2055	71309at7147	d3
2056	63492at7147	d3
2057	40957at7147	d3
2058	29535at7147	d3
2059	325909at7147	d3
2060	67335at7147	d3
2061	287401at7147	d3
2062	58183at7147	d3
2063	56314at7147	d3
2064	190305at7147	d3
2065	68567at7147	d3
2066	316446at7147	d3
2067	207353at7147	d3
2068	240493at7147	d3
2069	25381at7147	d3
2070	69246at7147	d3
2071	61986at7147	d3
2072	209369at7147	d3
2073	222458at7147	d3
2074	174026at7147	d3
2075	58828at7147	d3
2076	255991at7147	d3
2077	276755at7147	d3
2078	200590at7147	d3
2079	34040at7147	d3
2080	211427at7147	d3
2081	331273at7147	d3
2082	258537at7147	d3
2083	285312at7147	d3
2084	288771at7147	d3
2085	279417at7147	d3
2086	11874at7147	d3
2087	279532at7147	d3
2088	63036at7147	d3
2089	161871at7147	d3
2090	60499at7147	d3
2091	291775at7147	d3
2092	71239at7147	d3
2093	185073at7147	d3
2094	18515at7147	d3
2095	280026at7147	d3
2096	262672at7147	d3
2097	13145at7147	d3
2098	192335at7147	d3
2099	227369at7147	d3
2100	235280at7147	d3
2101	230818at7147	d3
2102	294953at7147	d3
2103	288271at7147	d3
2104	35151at7147	d3
2105	56913at7147	d3
2106	32720at7147	d3
2107	60174at7147	d3
2108	117164at7147	d3
2109	54916at7147	d3
2110	229672at7147	d3
2111	195531at7147	d3
2112	250340at7147	d3
2113	55441at7147	d3
2114	197539at7147	d3
2115	222040at7147	d3
2116	311225at7147	d3
2117	293958at7147	d3
2118	274181at7147	d3
2119	60941at7147	d3
2120	252952at7147	d3
2121	156252at7147	d3
2122	59908at7147	d3
2123	313075at7147	d3
2124	22604at7147	d3
2125	55263at7147	d3
2126	322179at7147	d3
2127	66414at7147	d3
2128	310366at7147	d3
2129	347246at7147	d3
2130	286182at7147	d3
2131	307277at7147	d3
2132	163715at7147	d3
2133	48836at7147	d3
2134	62957at7147	d3
2135	74588at7147	d3
2136	49412at7147	d3
2137	237752at7147	d3
2138	259691at7147	d3
2139	36193at7147	d3
2140	33333at7147	d3
2141	67641at7147	d3
2142	256647at7147	d3
2143	249380at7147	d3
2144	65076at7147	d3
2145	316725at7147	d3
2146	323595at7147	d3
2147	55391at7147	d3
2148	316051at7147	d3
2149	71485at7147	d3
2150	275228at7147	d3
2151	228569at7147	d3
2152	232822at7147	d3
2153	313468at7147	d3
2154	234759at7147	d3
2155	204057at7147	d3
2156	43869at7147	d3
2157	238586at7147	d3
2158	56617at7147	d3
2159	296305at7147	d3
2160	226752at7147	d3
2161	122994at7147	d3
2162	68670at7147	d3
2163	305110at7147	d3
2164	203403at7147	d3
2165	238394at7147	d3
2166	281283at7147	d3
2167	165544at7147	d3
2168	290064at7147	d3
2169	17888at7147	d3
2170	130547at7147	d3
2171	182238at7147	d3
2172	4932at7147	d3
2173	300956at7147	d3
2174	233816at7147	d3
2175	298828at7147	d3
2176	57847at7147	d3
2177	74875at7147	d3
2178	55165at7147	d3
2179	186362at7147	d3
2180	59513at7147	d3
2181	75300at7147	d3
2182	171757at7147	d3
2183	166932at7147	d3
2184	333597at7147	d3
2185	60739at7147	d3
2186	175088at7147	d3
2187	69929at7147	d3
2188	327080at7147	d3
2189	204754at7147	d3
2190	190896at7147	d3
2191	24160at7147	d3
2192	228410at7147	d3
2193	66457at7147	d3
2194	73073at7147	d3
2195	214546at7147	d3
2196	16840at7147	d3
2197	330882at7147	d3
2198	324452at7147	d3
2199	211705at7147	d3
2200	292525at7147	d3
2201	74309at7147	d3
2202	273793at7147	d3
2203	302595at7147	d3
2204	41434at7147	d3
2205	223822at7147	d3
2206	238915at7147	d3
2207	309960at7147	d3
2208	308633at7147	d3
2209	239240at7147	d3
2210	63838at7147	d3
2211	265118at7147	d3
2212	268784at7147	d3
2213	201450at7147	d3
2214	305311at7147	d3
2215	195027at7147	d3
2216	75947at7147	d3
2217	325495at7147	d3
2218	29676at7147	d3
2219	280459at7147	d3
2220	348025at7147	d3
2221	315625at7147	d3
2222	283943at7147	d3
2223	71612at7147	d3
2224	308627at7147	d3
2225	60303at7147	d3
2226	73368at7147	d3
2227	350700at7147	d3
2228	15771at7147	d3
2229	263519at7147	d3
2230	66538at7147	d3
2231	25417at7147	d3
2232	291799at7147	d3
2233	66228at7147	d3
2234	58894at7147	d3
2235	45930at7147	d3
2236	265311at7147	d3
2237	291384at7147	d3
2238	34542at7147	d3
2239	45762at7147	d3
2240	248354at7147	d3
2241	258259at7147	d3
2242	71549at7147	d3
2243	297379at7147	d3
2244	333919at7147	d3
2245	62451at7147	d3
2246	242686at7147	d3
2247	332289at7147	d3
2248	64968at7147	d3
2249	215748at7147	d3
2250	34796at7147	d3
2251	10407at7147	d3
2252	66349at7147	d3
2253	59501at7147	d3
2254	4606at7147	d3
2255	60381at7147	d3
2256	61306at7147	d3
2257	17630at7147	d3
2258	321048at7147	d3
2259	167536at7147	d3
2260	228439at7147	d3
2261	258018at7147	d3
2262	23197at7147	d3
2263	149858at7147	d3
2264	56662at7147	d3
2265	281381at7147	d3
2266	187621at7147	d3
2267	267819at7147	d3
2268	69925at7147	d3
2269	68696at7147	d3
2270	225536at7147	d3
2271	63539at7147	d3
2272	169345at7147	d3
2273	71282at7147	d3
2274	60315at7147	d3
2275	310082at7147	d3
2276	302479at7147	d3
2277	55543at7147	d3
2278	87230at7147	d3
2279	252815at7147	d3
2280	57082at7147	d3
2281	60885at7147	d3
2282	283163at7147	d3
2283	307987at7147	d3
2284	61340at7147	d3
2285	264634at7147	d3
2286	69182at7147	d3
2287	60656at7147	d3
2288	216744at7147	d3
2289	239210at7147	d3
2290	72074at7147	d3
2291	70036at7147	d3
2292	311425at7147	d3
2293	259008at7147	d3
2294	327876at7147	d3
2295	61113at7147	d3
2296	265580at7147	d3
2297	250262at7147	d3
2298	274980at7147	d3
2299	341168at7147	d3
2300	165627at7147	d3
2301	257859at7147	d3
2302	342499at7147	d3
2303	76978at7147	d3
2304	347134at7147	d3
2305	328983at7147	d3
2306	255795at7147	d3
2307	186197at7147	d3
2308	59530at7147	d3
2309	225581at7147	d3
2310	69017at7147	d3
2311	270210at7147	d3
2312	155301at7147	d3
2313	234585at7147	d3
2314	270720at7147	d3
2315	245107at7147	d3
2316	333890at7147	d3
2317	307441at7147	d3
2318	298591at7147	d3
2319	351939at7147	d3
2320	165697at7147	d3
2321	276514at7147	d3
2322	275911at7147	d3
2323	162738at7147	d3
2324	74474at7147	d3
2325	44889at7147	d3
2326	266921at7147	d3
2327	294786at7147	d3
2328	65939at7147	d3
2329	151630at7147	d3
2330	283360at7147	d3
2331	74865at7147	d3
2332	60612at7147	d3
2333	349975at7147	d3
2334	355206at7147	d3
2335	252042at7147	d3
2336	41747at7147	d3
2337	162812at7147	d3
2338	325191at7147	d3
2339	47890at7147	d3
2340	7527at7147	d3
2341	337205at7147	d3
2342	60504at7147	d3
2343	287523at7147	d3
2344	12531at7147	d3
2345	47694at7147	d3
2346	26431at7147	d3
2347	264016at7147	d3
2348	64036at7147	d3
2349	71660at7147	d3
2350	73241at7147	d3
2351	74668at7147	d3
2352	17528at7147	d3
2353	296064at7147	d3
2354	298856at7147	d3
2355	65433at7147	d3
2356	66364at7147	d3
2357	148910at7147	d3
2358	119237at7147	d3
2359	177652at7147	d3
2360	44860at7147	d3
2361	10408at7147	d3
2362	205742at7147	d3
2363	69002at7147	d3
2364	276185at7147	d3
2365	46656at7147	d3
2366	56337at7147	d3
2367	253068at7147	d3
2368	164342at7147	d3
2369	76958at7147	d3
2370	32487at7147	d3
2371	281188at7147	d3
2372	68897at7147	d3
2373	54654at7147	d3
2374	308668at7147	d3
2375	257558at7147	d3
2376	56809at7147	d3
2377	76417at7147	d3
2378	37808at7147	d3
2379	72372at7147	d3
2380	172192at7147	d3
2381	219502at7147	d4
2382	67858at7147	d4
2383	72338at7147	d4
2384	273538at7147	d4
2385	73731at7147	d4
2386	37633at7147	d4
2387	191396at7147	d4
2388	137178at7147	d4
2389	175715at7147	d4
2390	71635at7147	d4
2391	50619at7147	d4
2392	260249at7147	d4
2393	93012at7147	d4
2394	167630at7147	d4
2395	89718at7147	d4
2396	66402at7147	d4
2397	239763at7147	d4
2398	181433at7147	d4
2399	206372at7147	d4
2400	47419at7147	d4
2401	24767at7147	d4
2402	301800at7147	d4
2403	296669at7147	d4
2404	119398at7147	d4
2405	57233at7147	d4
2406	350020at7147	d4
2407	35057at7147	d4
2408	201709at7147	d4
2409	260331at7147	d4
2410	329005at7147	d4
2411	313308at7147	d4
2412	169142at7147	d4
2413	162861at7147	d4
2414	103572at7147	d4
2415	59366at7147	d4
2416	250425at7147	d4
2417	292315at7147	d4
2418	75811at7147	d4
2419	22418at7147	d4
2420	352923at7147	d4
2421	60114at7147	d4
2422	27804at7147	d4
2423	165949at7147	d4
2424	34225at7147	d4
2425	168261at7147	d4
2426	235509at7147	d4
2427	218702at7147	d4
2428	264387at7147	d4
2429	57156at7147	d4
2430	74641at7147	d4
2431	301802at7147	d4
2432	199531at7147	d4
2433	71152at7147	d4
2434	148771at7147	d4
2435	261561at7147	d4
2436	59688at7147	d4
2437	293819at7147	d4
2438	280772at7147	d4
2439	285481at7147	d4
2440	12285at7147	d4
2441	248914at7147	d4
2442	308781at7147	d4
2443	180001at7147	d4
2444	74667at7147	d4
2445	55728at7147	d4
2446	62443at7147	d4
2447	70853at7147	d4
2448	55739at7147	d4
2449	251050at7147	d4
2450	17953at7147	d4
2451	70080at7147	d4
2452	302851at7147	d4
2453	71465at7147	d4
2454	76175at7147	d4
2455	68227at7147	d4
2456	74664at7147	d4
2457	195060at7147	d4
2458	256446at7147	d4
2459	16945at7147	d4
2460	70044at7147	d4
2461	190114at7147	d4
2462	162154at7147	d4
2463	63607at7147	d4
2464	208352at7147	d4
2465	110200at7147	d4
2466	62879at7147	d4
2467	354383at7147	d4
2468	62339at7147	d4
2469	312007at7147	d4
2470	75478at7147	d4
2471	169173at7147	d4
2472	351423at7147	d4
2473	66606at7147	d4
2474	69010at7147	d4
2475	154407at7147	d4
2476	322647at7147	d4
2477	270439at7147	d4
2478	158087at7147	d4
2479	68224at7147	d4
2480	17649at7147	d4
2481	8079at7147	d4
2482	209407at7147	d4
2483	56713at7147	d4
2484	297866at7147	d4
2485	114765at7147	d4
2486	33462at7147	d4
2487	71960at7147	d4
2488	202373at7147	d4
2489	91028at7147	d4
2490	271390at7147	d4
2491	267608at7147	d4
2492	162967at7147	d4
2493	238372at7147	d4
2494	62916at7147	d4
2495	267888at7147	d4
2496	311719at7147	d4
2497	14792at7147	d4
2498	343282at7147	d4
2499	294539at7147	d4
2500	262827at7147	d4
2501	66053at7147	d4
2502	336055at7147	d4
2503	70477at7147	d4
2504	267502at7147	d4
2505	421at7147	d4
2506	149829at7147	d4
2507	76650at7147	d4
2508	310466at7147	d4
2509	285035at7147	d4
2510	67222at7147	d4
2511	33935at7147	d4
2512	267567at7147	d4
2513	349613at7147	d4
2514	202603at7147	d4
2515	61410at7147	d4
2516	225447at7147	d4
2517	323631at7147	d4
2518	229094at7147	d4
2519	72000at7147	d4
2520	63639at7147	d4
2521	165935at7147	d4
2522	128900at7147	d4
2523	300691at7147	d4
2524	67337at7147	d4
2525	54802at7147	d4
2526	67779at7147	d4
2527	173684at7147	d4
2528	327637at7147	d4
2529	304856at7147	d4
2530	211637at7147	d4
2531	163733at7147	d4
2532	224410at7147	d4
2533	43239at7147	d4
2534	260478at7147	d4
2535	260859at7147	d4
2536	55688at7147	d4
2537	175249at7147	d4
2538	243541at7147	d4
2539	76622at7147	d4
2540	281924at7147	d4
2541	204706at7147	d4
2542	344901at7147	d4
2543	280460at7147	d4
2544	249573at7147	d4
2545	95207at7147	d4
2546	57046at7147	d4
2547	10563at7147	d4
2548	4218at7147	d4
2549	249317at7147	d4
2550	33961at7147	d4
2551	64380at7147	d4
2552	271237at7147	d4
2553	72989at7147	d4
2554	182762at7147	d4
2555	232701at7147	d4
2556	206736at7147	d4
2557	193127at7147	d4
2558	185368at7147	d4
2559	76630at7147	d4
2560	260915at7147	d4
2561	61746at7147	d4
2562	54892at7147	d4
2563	267052at7147	d4
2564	8364at7147	d4
2565	74492at7147	d4
2566	63604at7147	d4
2567	58283at7147	d4
2568	283644at7147	d4
2569	308369at7147	d4
2570	306684at7147	d4
2571	230372at7147	d4
2572	165173at7147	d4
2573	97765at7147	d4
2574	59034at7147	d4
2575	205547at7147	d4
2576	149629at7147	d4
2577	139180at7147	d4
2578	202134at7147	d4
2579	202948at7147	d4
2580	175770at7147	d4
2581	63829at7147	d4
2582	257774at7147	d4
2583	59326at7147	d4
2584	253335at7147	d4
2585	279155at7147	d4
2586	64993at7147	d4
2587	220279at7147	d4
2588	150523at7147	d4
2589	270794at7147	d4
2590	184633at7147	d4
2591	314587at7147	d4
2592	165269at7147	d4
2593	70302at7147	d4
2594	207472at7147	d4
2595	285538at7147	d4
2596	234808at7147	d4
2597	248599at7147	d4
2598	302572at7147	d4
2599	334708at7147	d4
2600	64374at7147	d4
2601	333779at7147	d4
2602	316991at7147	d4
2603	16687at7147	d4
2604	15909at7147	d4
2605	352170at7147	d4
2606	324287at7147	d4
2607	43826at7147	d4
2608	65385at7147	d4
2609	66020at7147	d4
2610	223992at7147	d4
2611	185824at7147	d4
2612	281282at7147	d4
2613	227327at7147	d4
2614	249087at7147	d4
2615	237014at7147	d4
2616	272529at7147	d4
2617	57890at7147	d4
2618	66475at7147	d4
2619	163641at7147	d4
2620	181851at7147	d4
2621	291230at7147	d4
2622	68362at7147	d4
2623	62282at7147	d4
2624	323291at7147	d4
2625	190340at7147	d4
2626	323186at7147	d4
2627	347901at7147	d4
2628	73590at7147	d4
2629	16285at7147	d4
2630	72440at7147	d4
2631	240980at7147	d4
2632	296217at7147	d4
2633	341050at7147	d4
2634	236464at7147	d4
2635	280577at7147	d4
2636	67422at7147	d4
2637	237608at7147	d4
2638	218834at7147	d4
2639	61469at7147	d4
2640	308728at7147	d4
2641	252141at7147	d4
2642	195495at7147	d4
2643	247389at7147	d4
2644	260276at7147	d4
2645	11534at7147	d4
2646	25662at7147	d4
2647	276218at7147	d4
2648	148702at7147	d4
2649	5723at7147	d4
2650	76503at7147	d4
2651	63017at7147	d4
2652	218711at7147	d4
2653	279073at7147	d4
2654	232835at7147	d4
2655	249556at7147	d4
2656	34697at7147	d4
2657	288113at7147	d4
2658	74496at7147	d4
2659	66869at7147	d4
2660	16927at7147	d4
2661	32183at7147	d4
2662	347528at7147	d4
2663	72768at7147	d4
2664	227055at7147	d4
2665	227395at7147	d4
2666	75060at7147	d4
2667	63597at7147	d4
2668	204383at7147	d4
2669	310237at7147	d4
2670	68373at7147	d4
2671	231288at7147	d4
2672	312485at7147	d4
2673	77167at7147	d4
2674	262394at7147	d4
2675	237270at7147	d4
2676	334129at7147	d4
2677	58266at7147	d4
2678	64278at7147	d4
2679	353269at7147	d4
2680	305612at7147	d4
2681	252158at7147	d4
2682	58753at7147	d4
2683	157428at7147	d4
2684	220528at7147	d4
2685	72344at7147	d4
2686	197135at7147	d4
2687	73290at7147	d4
2688	42404at7147	d4
2689	297932at7147	d4
2690	69085at7147	d4
2691	244151at7147	d4
2692	172045at7147	d4
2693	64757at7147	d4
2694	275475at7147	d4
2695	57237at7147	d4
2696	344407at7147	d4
2697	293245at7147	d4
2698	165755at7147	d4
2699	268871at7147	d4
2700	37663at7147	d4
2701	274915at7147	d4
2702	171492at7147	d4
2703	49690at7147	d4
2704	310503at7147	d4
2705	222145at7147	d4
2706	252979at7147	d4
2707	75691at7147	d4
2708	281669at7147	d4
2709	63187at7147	d4
2710	71178at7147	d4
2711	75525at7147	d4
2712	161360at7147	d4
2713	296534at7147	d4
2714	252835at7147	d4
2715	281267at7147	d4
2716	74894at7147	d4
2717	75540at7147	d4
2718	56132at7147	d4
2719	343484at7147	d4
2720	176674at7147	d4
2721	165238at7147	d4
2722	59638at7147	d4
2723	70109at7147	d4
2724	185832at7147	d4
2725	190820at7147	d4
2726	191968at7147	d4
2727	283551at7147	d4
2728	306719at7147	d4
2729	42323at7147	d4
2730	300918at7147	d4
2731	237829at7147	d4
2732	263692at7147	d4
2733	327028at7147	d4
2734	70395at7147	d4
2735	24982at7147	d4
2736	243046at7147	d4
2737	194287at7147	d4
2738	511at7147	d4
2739	214644at7147	d4
2740	305196at7147	d4
2741	74895at7147	d4
2742	163225at7147	d4
2743	63921at7147	d4
2744	38429at7147	d4
2745	178353at7147	d4
2746	274176at7147	d4
2747	34908at7147	d4
2748	217553at7147	d4
2749	264702at7147	d4
2750	235435at7147	d4
2751	135807at7147	d4
2752	195384at7147	d4
2753	67176at7147	d4
2754	306531at7147	d4
2755	266157at7147	d4
2756	6718at7147	d4
2757	317059at7147	d4
2758	165426at7147	d4
2759	231846at7147	d4
2760	285523at7147	d4
2761	281324at7147	d4
2762	147707at7147	d4
2763	58069at7147	d4
2764	58829at7147	d4
2765	62349at7147	d4
2766	182777at7147	d4
2767	320655at7147	d4
2768	74995at7147	d4
2769	166159at7147	d4
2770	279184at7147	d4
2771	60849at7147	d4
2772	76319at7147	d4
2773	32626at7147	d4
2774	70552at7147	d4
2775	302468at7147	d4
2776	63808at7147	d4
2777	56193at7147	d4
2778	61249at7147	d4
2779	64630at7147	d4
2780	164431at7147	d4
2781	251108at7147	d4
2782	64161at7147	d4
2783	54838at7147	d4
2784	327406at7147	d4
2785	274681at7147	d4
2786	308920at7147	d4
2787	339219at7147	d4
2788	336114at7147	d4
2789	291747at7147	d4
2790	320612at7147	d4
2791	64639at7147	d4
2792	303520at7147	d4
2793	210867at7147	d4
2794	168852at7147	d4
2795	65485at7147	d4
2796	332196at7147	d4
2797	68278at7147	d4
2798	290654at7147	d4
2799	76880at7147	d4
2800	274897at7147	d4
2801	242120at7147	d4
2802	64809at7147	d4
2803	180254at7147	d4
2804	222228at7147	d4
2805	66519at7147	d4
2806	134214at7147	d4
2807	307989at7147	d4
2808	213839at7147	d4
2809	76553at7147	d4
2810	246946at7147	d4
2811	57150at7147	d4
2812	252292at7147	d4
2813	286854at7147	d4
2814	77133at7147	d4
2815	248030at7147	d4
2816	44053at7147	d4
2817	5674at7147	d4
2818	71353at7147	d4
2819	281374at7147	d4
2820	341938at7147	d4
2821	336988at7147	d4
2822	315597at7147	d4
2823	167579at7147	d4
2824	337154at7147	d4
2825	58059at7147	d4
2826	60427at7147	d4
2827	55219at7147	d4
2828	18027at7147	d4
2829	68288at7147	d4
2830	25828at7147	d4
2831	24342at7147	d4
2832	281542at7147	d4
2833	64084at7147	d4
2834	62907at7147	d4
2835	247289at7147	d4
2836	75426at7147	d4
2837	35769at7147	d4
2838	57508at7147	d4
2839	76860at7147	d4
2840	214607at7147	d4
2841	345445at7147	d4
2842	226661at7147	d4
2843	65972at7147	d4
2844	192958at7147	d4
2845	217122at7147	d4
2846	284558at7147	d4
2847	186332at7147	d4
2848	25045at7147	d4
2849	218314at7147	d4
2850	74458at7147	d4
2851	21585at7147	d4
2852	62197at7147	d4
2853	11146at7147	d4
2854	209639at7147	d4
2855	330587at7147	d4
2856	320959at7147	d4
2857	205197at7147	d4
2858	253970at7147	d4
2859	63388at7147	d4
2860	72026at7147	d4
2861	63354at7147	d4
2862	167748at7147	d4
2863	225at7147	d4
2864	336480at7147	d4
2865	217331at7147	d4
2866	64887at7147	d4
2867	204616at7147	d4
2868	59031at7147	d4
2869	168738at7147	d4
2870	192487at7147	d4
2871	323908at7147	d4
2872	336831at7147	d4
2873	63341at7147	d4
2874	255746at7147	d4
2875	13731at7147	d4
2876	304708at7147	d4
2877	66000at7147	d4
2878	233984at7147	d4
2879	72824at7147	d4
2880	219782at7147	d4
2881	9425at7147	d4
2882	188541at7147	d4
2883	59207at7147	d4
2884	197434at7147	d4
2885	270898at7147	d4
2886	332961at7147	d4
2887	269405at7147	d4
2888	3474at7147	d4
2889	328154at7147	d4
2890	345709at7147	d4
2891	90937at7147	d4
2892	58253at7147	d4
2893	291806at7147	d4
2894	180421at7147	d4
2895	327139at7147	d4
2896	342356at7147	d4
2897	21439at7147	d4
2898	294643at7147	d4
2899	284282at7147	d4
2900	76376at7147	d4
2901	69075at7147	d4
2902	356016at7147	d4
2903	277359at7147	d4
2904	75250at7147	d4
2905	323543at7147	d4
2906	263862at7147	d4
2907	289027at7147	d4
2908	46874at7147	d4
2909	333750at7147	d4
2910	70519at7147	d4
2911	243617at7147	d4
2912	322577at7147	d4
2913	274795at7147	d4
2914	69709at7147	d4
2915	254776at7147	d4
2916	67830at7147	d4
2917	56303at7147	d4
2918	62681at7147	d4
2919	238428at7147	d4
2920	275815at7147	d4
2921	325325at7147	d4
2922	70106at7147	d4
2923	64974at7147	d4
2924	336707at7147	d4
2925	223744at7147	d4
2926	55436at7147	d4
2927	57557at7147	d4
2928	74811at7147	d4
2929	58935at7147	d4
2930	201194at7147	d4
2931	50326at7147	d4
2932	355693at7147	d4
2933	320463at7147	d4
2934	252939at7147	d4
2935	316547at7147	d4
2936	166906at7147	d4
2937	340823at7147	d4
2938	138312at7147	d4
2939	70827at7147	d4
2940	25419at7147	d4
2941	207316at7147	d4
2942	305925at7147	d4
2943	280212at7147	d4
2944	58417at7147	d4
2945	218238at7147	d4
2946	280390at7147	d4
2947	65399at7147	d4
2948	17896at7147	d4
2949	57459at7147	d4
2950	318481at7147	d4
2951	68762at7147	d4
2952	3282at7147	d4
2953	267049at7147	d4
2954	316818at7147	d4
2955	232174at7147	d4
2956	174348at7147	d4
2957	185471at7147	d4
2958	75570at7147	d4
2959	61202at7147	d4
2960	218662at7147	d4
2961	241856at7147	d4
2962	201121at7147	d4
2963	251004at7147	d4
2964	248528at7147	d4
2965	157896at7147	d4
2966	237068at7147	d4
2967	37058at7147	d4
2968	56067at7147	d4
2969	44134at7147	d4
2970	68292at7147	d4
2971	74477at7147	d4
2972	300838at7147	d4
2973	286138at7147	d4
2974	238389at7147	d4
2975	213406at7147	d4
2976	250679at7147	d4
2977	63942at7147	d4
2978	250601at7147	d4
2979	76265at7147	d4
2980	61138at7147	d4
2981	329216at7147	d4
2982	196974at7147	d4
2983	64014at7147	d4
2984	60183at7147	d4
2985	45914at7147	d4
2986	56102at7147	d4
2987	59288at7147	d4
2988	313690at7147	d4
2989	165302at7147	d4
2990	218232at7147	d4
2991	211840at7147	d4
2992	186586at7147	d4
2993	33872at7147	d4
2994	329992at7147	d4
2995	61374at7147	d4
2996	65213at7147	d4
2997	210628at7147	d4
2998	198673at7147	d4
2999	165282at7147	d4
3000	324612at7147	d4
3001	232624at7147	d4
3002	72836at7147	d4
3003	239407at7147	d4
3004	64440at7147	d4
3005	43269at7147	d4
3006	165092at7147	d4
3007	214452at7147	d4
3008	152441at7147	d4
3009	67451at7147	d4
3010	261350at7147	d4
3011	229492at7147	d4
3012	238757at7147	d4
3013	289464at7147	d4
3014	55724at7147	d4
3015	325336at7147	d4
3016	304872at7147	d4
3017	69668at7147	d4
3018	72706at7147	d4
3019	7054at7147	d4
3020	61815at7147	d4
3021	54640at7147	d4
3022	267663at7147	d4
3023	256533at7147	d4
3024	344048at7147	d4
3025	254745at7147	d4
3026	168895at7147	d4
3027	39581at7147	d4
3028	57700at7147	d4
3029	272235at7147	d4
3030	193947at7147	d4
3031	61276at7147	d4
3032	163173at7147	d4
3033	56864at7147	d4
3034	203345at7147	d4
3035	305466at7147	d4
3036	293502at7147	d4
3037	268384at7147	d4
3038	197783at7147	d4
3039	306279at7147	d4
3040	217495at7147	d4
3041	56566at7147	d4
3042	191941at7147	d4
3043	70607at7147	d4
3044	285973at7147	d4
3045	59353at7147	d4
3046	231519at7147	d4
3047	272436at7147	d4
3048	257074at7147	d4
3049	214663at7147	d4
3050	57615at7147	d4
3051	36517at7147	d4
3052	19144at7147	d4
3053	33865at7147	d4
3054	10055at7147	d4
3055	270297at7147	d4
3056	322876at7147	d4
3057	291851at7147	d4
3058	50868at7147	d4
3059	56927at7147	d4
3060	57441at7147	d4
3061	225633at7147	d4
3062	12116at7147	d4
3063	278999at7147	d4
3064	216182at7147	d4
3065	28453at7147	d4
3066	246460at7147	d4
3067	241605at7147	d4
3068	66893at7147	d4
3069	260425at7147	d4
3070	56708at7147	d4
3071	43439at7147	d4
3072	165341at7147	d4
3073	308577at7147	d4
3074	68267at7147	d4
3075	908at7147	d4
3076	198277at7147	d4
3077	196429at7147	d4
3078	67026at7147	d4
3079	28614at7147	d4
3080	68458at7147	d4
3081	33557at7147	d4
3082	256150at7147	d4
3083	20074at7147	d4
3084	42570at7147	d4
3085	163506at7147	d4
3086	60353at7147	d4
3087	328039at7147	d4
3088	5241at7147	d4
3089	27128at7147	d4
3090	29659at7147	d5
3091	3120at7147	d5
3092	334285at7147	d5
3093	21852at7147	d5
3094	233260at7147	d5
3095	71292at7147	d5
3096	35393at7147	d5
3097	238923at7147	d5
3098	274937at7147	d5
3099	168942at7147	d5
3100	338103at7147	d5
3101	178987at7147	d5
3102	63633at7147	d5
3103	166882at7147	d5
3104	299018at7147	d5
3105	305385at7147	d5
3106	67636at7147	d5
3107	25091at7147	d5
3108	69376at7147	d5
3109	204032at7147	d5
3110	202191at7147	d5
3111	297594at7147	d5
3112	71555at7147	d5
3113	298916at7147	d5
3114	10097at7147	d5
3115	202022at7147	d5
3116	246813at7147	d5
3117	55755at7147	d5
3118	278097at7147	d5
3119	307605at7147	d5
3120	230195at7147	d5
3121	62799at7147	d5
3122	276247at7147	d5
3123	279394at7147	d5
3124	66994at7147	d5
3125	57879at7147	d5
3126	306844at7147	d5
3127	124132at7147	d5
3128	29289at7147	d5
3129	257562at7147	d5
3130	293949at7147	d5
3131	219582at7147	d5
3132	66196at7147	d5
3133	2609at7147	d5
3134	14633at7147	d5
3135	48886at7147	d5
3136	206928at7147	d5
3137	275051at7147	d5
3138	57144at7147	d5
3139	71846at7147	d5
3140	341071at7147	d5
3141	62727at7147	d5
3142	141840at7147	d5
3143	355470at7147	d5
3144	343482at7147	d5
3145	69617at7147	d5
3146	259489at7147	d5
3147	281912at7147	d5
3148	57900at7147	d5
3149	56767at7147	d5
3150	229217at7147	d5
3151	254558at7147	d5
3152	220196at7147	d5
3153	248245at7147	d5
3154	315235at7147	d5
3155	75863at7147	d5
3156	180405at7147	d5
3157	319488at7147	d5
3158	247235at7147	d5
3159	168677at7147	d5
3160	253582at7147	d5
3161	333943at7147	d5
3162	54531at7147	d5
3163	231212at7147	d5
3164	174040at7147	d5
3165	57025at7147	d5
3166	139357at7147	d5
3167	70891at7147	d5
3168	163083at7147	d5
3169	294280at7147	d5
3170	20729at7147	d5
3171	63148at7147	d5
3172	220802at7147	d5
3173	4667at7147	d5
3174	70490at7147	d5
3175	56625at7147	d5
3176	70507at7147	d5
3177	167972at7147	d5
3178	8741at7147	d5
3179	252684at7147	d5
3180	278453at7147	d5
3181	63282at7147	d5
3182	57440at7147	d5
3183	254208at7147	d5
3184	13588at7147	d5
3185	187806at7147	d5
3186	259866at7147	d5
3187	298064at7147	d5
3188	165944at7147	d5
3189	206914at7147	d5
3190	56803at7147	d5
3191	55090at7147	d5
3192	166517at7147	d5
3193	283279at7147	d5
3194	303353at7147	d5
3195	23560at7147	d5
3196	231446at7147	d5
3197	248623at7147	d5
3198	63203at7147	d5
3199	308466at7147	d5
3200	142617at7147	d5
3201	58570at7147	d5
3202	252597at7147	d5
3203	185360at7147	d5
3204	260154at7147	d5
3205	60643at7147	d5
3206	197512at7147	d5
3207	161620at7147	d5
3208	66633at7147	d5
3209	56814at7147	d5
3210	76648at7147	d5
3211	75933at7147	d5
3212	312781at7147	d5
3213	196145at7147	d5
3214	231005at7147	d5
3215	226519at7147	d5
3216	66848at7147	d5
3217	63940at7147	d5
3218	290986at7147	d5
3219	108194at7147	d5
3220	76919at7147	d5
3221	276213at7147	d5
3222	55085at7147	d5
3223	54723at7147	d5
3224	222783at7147	d5
3225	56788at7147	d5
3226	340115at7147	d5
3227	57779at7147	d5
3228	301408at7147	d5
3229	26603at7147	d5
3230	61232at7147	d5
3231	320262at7147	d5
3232	68038at7147	d5
3233	37448at7147	d5
3234	198185at7147	d5
3235	63137at7147	d5
3236	44500at7147	d5
3237	168244at7147	d5
3238	343707at7147	d5
3239	14247at7147	d5
3240	224995at7147	d5
3241	67773at7147	d5
3242	276853at7147	d5
3243	206750at7147	d5
3244	65687at7147	d5
3245	33135at7147	d5
3246	9487at7147	d5
3247	76678at7147	d5
3248	295310at7147	d5
3249	189615at7147	d5
3250	63569at7147	d5
3251	74611at7147	d5
3252	54821at7147	d5
3253	62407at7147	d5
3254	54775at7147	d5
3255	55091at7147	d5
3256	58656at7147	d5
3257	59805at7147	d5
3258	63892at7147	d5
3259	271537at7147	d5
3260	282860at7147	d5
3261	57748at7147	d5
3262	256852at7147	d5
3263	306780at7147	d5
3264	37647at7147	d5
3265	241904at7147	d5
3266	71571at7147	d5
3267	264141at7147	d5
3268	184526at7147	d5
3269	161986at7147	d5
3270	310609at7147	d5
3271	75560at7147	d5
3272	181909at7147	d5
3273	38813at7147	d5
3274	74909at7147	d5
3275	57994at7147	d5
3276	223877at7147	d5
3277	55751at7147	d5
3278	258056at7147	d5
3279	210598at7147	d5
3280	286403at7147	d5
3281	60915at7147	d5
3282	58419at7147	d5
3283	261446at7147	d5
3284	263649at7147	d5
3285	216894at7147	d5
3286	16264at7147	d5
3287	317484at7147	d5
3288	238941at7147	d5
3289	166924at7147	d5
3290	323705at7147	d5
3291	355810at7147	d5
3292	60422at7147	d5
3293	75367at7147	d5
3294	17073at7147	d5
3295	69661at7147	d5
3296	163534at7147	d5
3297	165055at7147	d5
3298	63536at7147	d5
3299	59159at7147	d5
3300	163316at7147	d5
3301	193781at7147	d5
3302	40805at7147	d5
3303	284736at7147	d5
3304	58277at7147	d5
3305	149853at7147	d5
3306	67006at7147	d5
3307	304892at7147	d5
3308	204329at7147	d5
3309	14525at7147	d5
3310	252614at7147	d5
3311	201808at7147	d5
3312	40328at7147	d5
3313	253625at7147	d5
3314	54528at7147	d5
3315	198499at7147	d5
3316	22449at7147	d5
3317	317369at7147	d5
3318	243227at7147	d5
3319	21253at7147	d5
3320	321389at7147	d5
3321	330766at7147	d5
3322	324493at7147	d5
3323	296850at7147	d5
3324	296596at7147	d5
3325	56907at7147	d5
3326	250611at7147	d5
3327	63127at7147	d5
3328	288131at7147	d5
3329	66373at7147	d5
3330	288922at7147	d5
3331	334148at7147	d5
3332	238841at7147	d5
3333	175710at7147	d5
3334	326289at7147	d5
3335	247074at7147	d5
3336	255269at7147	d5
3337	65599at7147	d5
3338	222109at7147	d5
3339	57036at7147	d5
3340	240367at7147	d5
3341	63580at7147	d5
3342	221957at7147	d5
3343	65656at7147	d5
3344	55670at7147	d5
3345	247475at7147	d5
3346	192868at7147	d5
3347	297810at7147	d5
3348	48421at7147	d5
3349	22815at7147	d5
3350	73142at7147	d5
3351	317266at7147	d5
3352	77052at7147	d5
3353	229334at7147	d5
3354	252642at7147	d5
3355	71162at7147	d5
3356	41815at7147	d5
3357	66055at7147	d5
3358	280671at7147	d5
3359	68459at7147	d5
3360	67622at7147	d5
3361	17568at7147	d5
3362	174436at7147	d5
3363	193617at7147	d5
3364	56201at7147	d5
3365	2709at7147	d5
3366	278880at7147	d5
3367	264309at7147	d5
3368	211848at7147	d5
3369	245053at7147	d5
3370	33410at7147	d5
3371	261841at7147	d5
3372	319005at7147	d5
3373	9678at7147	d5
3374	265425at7147	d5
3375	290655at7147	d5
3376	212151at7147	d5
3377	308957at7147	d5
3378	205381at7147	d5
3379	74114at7147	d5
3380	214635at7147	d5
3381	42940at7147	d5
3382	208604at7147	d5
3383	239017at7147	d5
3384	171855at7147	d5
3385	10654at7147	d5
3386	167786at7147	d5
3387	178354at7147	d5
3388	311661at7147	d5
3389	236395at7147	d5
3390	65559at7147	d5
3391	25119at7147	d5
3392	17608at7147	d5
3393	35727at7147	d5
3394	63716at7147	d5
3395	268798at7147	d5
3396	280996at7147	d5
3397	183317at7147	d5
3398	203893at7147	d5
3399	230211at7147	d5
3400	191118at7147	d5
3401	65561at7147	d5
3402	39439at7147	d5
3403	8234at7147	d5
3404	68623at7147	d5
3405	180799at7147	d5
3406	62372at7147	d5
3407	244310at7147	d5
3408	277731at7147	d5
3409	18484at7147	d5
3410	186132at7147	d5
3411	836at7147	d5
3412	318213at7147	d5
3413	59867at7147	d5
3414	54713at7147	d5
3415	21072at7147	d5
3416	76881at7147	d5
3417	204581at7147	d5
3418	274396at7147	d5
3419	56974at7147	d5
3420	163391at7147	d5
3421	215197at7147	d5
3422	195925at7147	d5
3423	68758at7147	d5
3424	166641at7147	d5
3425	272627at7147	d5
3426	163483at7147	d5
3427	286387at7147	d5
3428	241047at7147	d5
3429	64833at7147	d5
3430	172299at7147	d5
3431	232603at7147	d5
3432	216212at7147	d5
3433	213130at7147	d5
3434	8348at7147	d5
3435	60284at7147	d5
3436	76453at7147	d5
3437	73091at7147	d5
3438	60162at7147	d5
3439	64505at7147	d5
3440	61966at7147	d5
3441	183738at7147	d5
3442	210782at7147	d5
3443	185066at7147	d5
3444	8016at7147	d5
3445	61222at7147	d5
3446	165117at7147	d5
3447	256579at7147	d5
3448	269347at7147	d5
3449	275971at7147	d5
3450	59514at7147	d5
3451	262890at7147	d5
3452	234671at7147	d5
3453	339400at7147	d5
3454	347673at7147	d5
3455	71211at7147	d5
3456	12226at7147	d5
3457	254013at7147	d5
3458	136142at7147	d5
3459	185345at7147	d5
3460	166427at7147	d5
3461	281225at7147	d5
3462	205624at7147	d5
3463	125314at7147	d5
3464	216792at7147	d5
3465	168643at7147	d5
3466	221190at7147	d5
3467	315085at7147	d5
3468	168021at7147	d5
3469	190773at7147	d5
3470	255721at7147	d5
3471	168682at7147	d5
3472	66846at7147	d5
3473	75937at7147	d5
3474	72938at7147	d5
3475	245898at7147	d5
3476	281921at7147	d5
3477	249383at7147	d5
3478	308629at7147	d5
3479	217926at7147	d5
3480	70554at7147	d5
3481	278677at7147	d5
3482	316064at7147	d5
3483	209900at7147	d5
3484	39526at7147	d5
3485	27839at7147	d5
3486	74430at7147	d5
3487	231315at7147	d5
3488	75763at7147	d5
3489	28601at7147	d5
3490	318210at7147	d5
3491	281393at7147	d5
3492	201874at7147	d5
3493	60913at7147	d5
3494	234002at7147	d5
3495	298657at7147	d5
3496	65007at7147	d5
3497	59594at7147	d5
3498	301691at7147	d5
3499	15662at7147	d5
3500	341416at7147	d5
3501	318998at7147	d5
3502	277284at7147	d5
3503	248858at7147	d5
3504	220933at7147	d5
3505	210040at7147	d5
3506	168060at7147	d5
3507	199581at7147	d5
3508	212459at7147	d5
3509	302891at7147	d5
3510	32812at7147	d5
3511	236368at7147	d5
3512	40401at7147	d5
3513	228997at7147	d5
3514	186601at7147	d5
3515	306810at7147	d5
3516	33480at7147	d5
3517	63210at7147	d5
3518	266482at7147	d5
3519	248981at7147	d5
3520	205264at7147	d5
3521	290830at7147	d5
3522	71476at7147	d5
3523	229756at7147	d5
3524	57742at7147	d5
3525	72354at7147	d5
3526	66999at7147	d5
3527	65194at7147	d5
3528	14119at7147	d5
3529	268234at7147	d5
3530	74388at7147	d5
3531	44423at7147	d5
3532	193528at7147	d5
3533	70165at7147	d5
3534	209274at7147	d5
3535	288665at7147	d5
3536	295163at7147	d5
3537	75178at7147	d5
3538	190063at7147	d5
3539	18472at7147	d5
3540	76358at7147	d5
3541	203551at7147	d5
3542	60911at7147	d5
3543	275025at7147	d5
3544	307703at7147	d5
3545	203027at7147	d5
3546	302314at7147	d5
3547	67770at7147	d5
3548	71362at7147	d5
3549	318410at7147	d5
3550	57791at7147	d5
3551	283328at7147	d5
3552	33155at7147	d5
3553	337136at7147	d5
3554	197467at7147	d5
3555	68398at7147	d5
3556	57504at7147	d5
3557	62502at7147	d5
3558	67940at7147	d5
3559	314566at7147	d5
3560	26854at7147	d5
3561	274715at7147	d5
3562	307476at7147	d5
3563	65536at7147	d5
3564	224392at7147	d5
3565	61683at7147	d5
3566	316979at7147	d5
3567	335931at7147	d5
3568	73249at7147	d5
3569	35089at7147	d5
3570	63215at7147	d5
3571	250868at7147	d5
3572	184064at7147	d5
3573	47837at7147	d5
3574	235260at7147	d5
3575	73161at7147	d5
3576	222834at7147	d5
3577	249779at7147	d5
3578	348171at7147	d5
3579	237862at7147	d5
3580	342332at7147	d5
3581	227250at7147	d5
3582	167175at7147	d5
3583	20633at7147	d5
3584	63650at7147	d5
3585	54740at7147	d5
3586	73186at7147	d5
3587	61992at7147	d5
3588	67941at7147	d5
3589	8977at7147	d5
3590	348417at7147	d5
3591	230202at7147	d5
3592	57658at7147	d5
3593	189702at7147	d5
3594	54971at7147	d5
3595	56954at7147	d5
3596	274377at7147	d5
3597	58622at7147	d5
3598	242314at7147	d5
3599	61869at7147	d5
3600	268926at7147	d5
3601	227682at7147	d5
3602	54556at7147	d5
3603	222703at7147	d5
3604	299040at7147	d5
3605	17410at7147	d5
3606	229124at7147	d5
3607	346156at7147	d5
3608	292983at7147	d5
3609	211293at7147	d5
3610	67114at7147	d5
3611	288097at7147	d5
3612	265149at7147	d5
3613	17603at7147	d5
3614	179205at7147	d5
3615	31943at7147	d5
3616	232800at7147	d5
3617	303443at7147	d5
3618	55749at7147	d5
3619	292918at7147	d5
3620	295178at7147	d5
3621	60030at7147	d5
3622	270215at7147	d5
3623	36758at7147	d5
3624	225053at7147	d5
3625	58188at7147	d5
3626	168588at7147	d5
3627	351844at7147	d5
3628	322677at7147	d5
3629	63517at7147	d5
3630	117470at7147	d5
3631	72170at7147	d5
3632	45005at7147	d5
3633	310595at7147	d5
3634	59932at7147	d5
3635	266363at7147	d5
3636	65892at7147	d5
3637	218465at7147	d5
3638	73870at7147	d5
3639	224754at7147	d5
3640	27297at7147	d5
3641	37895at7147	d5
3642	287822at7147	d5
3643	249263at7147	d5
3644	302920at7147	d5
3645	166242at7147	d5
3646	60372at7147	d5
3647	118121at7147	d5
3648	55776at7147	d5
3649	10198at7147	d5
3650	64173at7147	d5
3651	317138at7147	d5
3652	57591at7147	d5
3653	72776at7147	d5
3654	49770at7147	d5
3655	210074at7147	d5
3656	331803at7147	d5
3657	331756at7147	d5
3658	193600at7147	d5
3659	525at7147	d5
3660	54822at7147	d5
3661	211325at7147	d5
3662	271368at7147	d5
3663	219749at7147	d5
3664	202637at7147	d5
3665	168090at7147	d5
3666	276371at7147	d5
3667	235448at7147	d5
3668	59762at7147	d5
3669	225854at7147	d5
3670	55399at7147	d5
3671	59543at7147	d5
3672	165814at7147	d5
3673	72078at7147	d5
3674	49586at7147	d5
3675	69243at7147	d5
3676	61095at7147	d5
3677	233318at7147	d5
3678	254826at7147	d5
3679	167029at7147	d5
3680	62366at7147	d5
3681	37351at7147	d5
3682	226656at7147	d5
3683	63383at7147	d5
3684	285016at7147	d5
3685	20821at7147	d5
3686	70840at7147	d5
3687	89210at7147	d5
3688	57656at7147	d5
3689	65784at7147	d5
3690	69362at7147	d5
3691	70877at7147	d5
3692	74714at7147	d5
3693	263026at7147	d5
3694	247755at7147	d5
3695	312756at7147	d5
3696	57772at7147	d5
3697	303198at7147	d5
3698	55167at7147	d5
3699	297901at7147	d5
3700	171365at7147	d5
3701	168975at7147	d5
3702	250604at7147	d5
3703	178237at7147	d5
3704	30213at7147	d5
3705	259411at7147	d5
3706	59847at7147	d5
3707	226451at7147	d5
3708	65830at7147	d5
3709	33177at7147	d5
3710	199566at7147	d5
3711	49557at7147	d5
3712	162279at7147	d5
3713	62204at7147	d5
3714	340179at7147	d5
3715	74323at7147	d5
3716	245398at7147	d5
3717	66243at7147	d5
3718	62639at7147	d5
3719	235700at7147	d5
3720	54682at7147	d5
3721	319170at7147	d5
3722	253807at7147	d5
3723	325416at7147	d5
3724	266347at7147	d5
3725	5225at7147	d5
3726	272293at7147	d5
3727	71545at7147	d5
3728	194370at7147	d5
3729	68959at7147	d5
3730	59934at7147	d5
3731	223496at7147	d5
3732	62660at7147	d5
3733	66510at7147	d5
3734	59858at7147	d6
3735	147958at7147	d6
3736	322272at7147	d6
3737	76140at7147	d6
3738	258841at7147	d6
3739	206246at7147	d6
3740	73676at7147	d6
3741	173613at7147	d6
3742	75109at7147	d6
3743	323607at7147	d6
3744	62185at7147	d6
3745	349071at7147	d6
3746	309430at7147	d6
3747	294507at7147	d6
3748	166851at7147	d6
3749	317137at7147	d6
3750	244585at7147	d6
3751	325193at7147	d6
3752	247793at7147	d6
3753	274103at7147	d6
3754	273420at7147	d6
3755	70735at7147	d6
3756	63332at7147	d6
3757	61386at7147	d6
3758	228740at7147	d6
3759	322552at7147	d6
3760	27793at7147	d6
3761	211171at7147	d6
3762	341602at7147	d6
3763	58454at7147	d6
3764	163233at7147	d6
3765	74288at7147	d6
3766	284618at7147	d6
3767	9406at7147	d6
3768	345547at7147	d6
3769	278930at7147	d6
3770	352532at7147	d6
3771	54842at7147	d6
3772	59718at7147	d6
3773	168660at7147	d6
3774	43054at7147	d6
3775	75513at7147	d6
3776	60185at7147	d6
3777	10730at7147	d6
3778	223772at7147	d6
3779	5978at7147	d6
3780	273517at7147	d6
3781	218090at7147	d6
3782	222652at7147	d6
3783	298728at7147	d6
3784	192691at7147	d6
3785	58988at7147	d6
3786	250477at7147	d6
3787	62910at7147	d6
3788	258862at7147	d6
3789	321835at7147	d6
3790	64472at7147	d6
3791	248530at7147	d6
3792	119940at7147	d6
3793	221352at7147	d6
3794	56783at7147	d6
3795	7353at7147	d6
3796	63905at7147	d6
3797	1049at7147	d6
3798	7971at7147	d6
3799	445at7147	d6
3800	313016at7147	d6
3801	254929at7147	d6
3802	285192at7147	d6
3803	224956at7147	d6
3804	55132at7147	d6
