147958at7147	ds6
162912at7147	ds6
164810at7147	ds6
165857at7147	ds6
166851at7147	ds6
168465at7147	ds6
168660at7147	ds6
173613at7147	ds6
179062at7147	ds6
180472at7147	ds6
192691at7147	ds6
211171at7147	ds6
218090at7147	ds6
222652at7147	ds6
223772at7147	ds6
228740at7147	ds6
230158at7147	ds6
247793at7147	ds6
247798at7147	ds6
248530at7147	ds6
250477at7147	ds6
258841at7147	ds6
273420at7147	ds6
273517at7147	ds6
27793at7147	ds6
278930at7147	ds6
288423at7147	ds6
298728at7147	ds6
309430at7147	ds6
317137at7147	ds6
322272at7147	ds6
322552at7147	ds6
341602at7147	ds6
345547at7147	ds6
352532at7147	ds6
43054at7147	ds6
54842at7147	ds6
58454at7147	ds6
58988at7147	ds6
59718at7147	ds6
5978at7147	ds6
59858at7147	ds6
60185at7147	ds6
60829at7147	ds6
61998at7147	ds6
62185at7147	ds6
62910at7147	ds6
63332at7147	ds6
70594at7147	ds6
70735at7147	ds6
73676at7147	ds6
74288at7147	ds6
75109at7147	ds6
75173at7147	ds6
75965at7147	ds6
76140at7147	ds6
9406at7147	ds6
10408at7147	ds1
10612at7147	ds1
10620at7147	ds1
10911at7147	ds1
110200at7147	ds1
113611at7147	ds1
114603at7147	ds1
114765at7147	ds1
11484at7147	ds1
118254at7147	ds1
119237at7147	ds1
1200at7147	ds1
12100at7147	ds1
12116at7147	ds1
12219at7147	ds1
122994at7147	ds1
12361at7147	ds1
126448at7147	ds1
126571at7147	ds1
127852at7147	ds1
12796at7147	ds1
12973at7147	ds1
130547at7147	ds1
13055at7147	ds1
1323at7147	ds1
133744at7147	ds1
134526at7147	ds1
13497at7147	ds1
135865at7147	ds1
138312at7147	ds1
140441at7147	ds1
14119at7147	ds1
145400at7147	ds1
14661at7147	ds1
148702at7147	ds1
148910at7147	ds1
151630at7147	ds1
153357at7147	ds1
154407at7147	ds1
154496at7147	ds1
155301at7147	ds1
157428at7147	ds1
15771at7147	ds1
158087at7147	ds1
16128at7147	ds1
161360at7147	ds1
161620at7147	ds1
162072at7147	ds1
162154at7147	ds1
162217at7147	ds1
162448at7147	ds1
162519at7147	ds1
162661at7147	ds1
162738at7147	ds1
162863at7147	ds1
163039at7147	ds1
163141at7147	ds1
163173at7147	ds1
163232at7147	ds1
163264at7147	ds1
163816at7147	ds1
163838at7147	ds1
164175at7147	ds1
164185at7147	ds1
164861at7147	ds1
164972at7147	ds1
164984at7147	ds1
165152at7147	ds1
165155at7147	ds1
165235at7147	ds1
165341at7147	ds1
165507at7147	ds1
165544at7147	ds1
165549at7147	ds1
165627at7147	ds1
165697at7147	ds1
165755at7147	ds1
166048at7147	ds1
166235at7147	ds1
166470at7147	ds1
166680at7147	ds1
166809at7147	ds1
166819at7147	ds1
166906at7147	ds1
166932at7147	ds1
167068at7147	ds1
167292at7147	ds1
167430at7147	ds1
168090at7147	ds1
168362at7147	ds1
16840at7147	ds1
168795at7147	ds1
168889at7147	ds1
168895at7147	ds1
168969at7147	ds1
169033at7147	ds1
169119at7147	ds1
169165at7147	ds1
169173at7147	ds1
169175at7147	ds1
169184at7147	ds1
16927at7147	ds1
16945at7147	ds1
171492at7147	ds1
171757at7147	ds1
172045at7147	ds1
172192at7147	ds1
172210at7147	ds1
172317at7147	ds1
17231at7147	ds1
172493at7147	ds1
17265at7147	ds1
173520at7147	ds1
173667at7147	ds1
174429at7147	ds1
17444at7147	ds1
174522at7147	ds1
175088at7147	ds1
175877at7147	ds1
176483at7147	ds1
17649at7147	ds1
177434at7147	ds1
177608at7147	ds1
177652at7147	ds1
177883at7147	ds1
177913at7147	ds1
17799at7147	ds1
178759at7147	ds1
17888at7147	ds1
178903at7147	ds1
178910at7147	ds1
17896at7147	ds1
17953at7147	ds1
180122at7147	ds1
18027at7147	ds1
180334at7147	ds1
181091at7147	ds1
181105at7147	ds1
181338at7147	ds1
181571at7147	ds1
181903at7147	ds1
182238at7147	ds1
184640at7147	ds1
185176at7147	ds1
1854at7147	ds1
185722at7147	ds1
186197at7147	ds1
186332at7147	ds1
186362at7147	ds1
186650at7147	ds1
186698at7147	ds1
187313at7147	ds1
187993at7147	ds1
188173at7147	ds1
188746at7147	ds1
189891at7147	ds1
190022at7147	ds1
190114at7147	ds1
190176at7147	ds1
190351at7147	ds1
1907at7147	ds1
190896at7147	ds1
191342at7147	ds1
19144at7147	ds1
19212at7147	ds1
192217at7147	ds1
192958at7147	ds1
193757at7147	ds1
193917at7147	ds1
193947at7147	ds1
19395at7147	ds1
195027at7147	ds1
195060at7147	ds1
195214at7147	ds1
196120at7147	ds1
197070at7147	ds1
197135at7147	ds1
197152at7147	ds1
197196at7147	ds1
197207at7147	ds1
197278at7147	ds1
197512at7147	ds1
197894at7147	ds1
197948at7147	ds1
198673at7147	ds1
199444at7147	ds1
199691at7147	ds1
200390at7147	ds1
201194at7147	ds1
201450at7147	ds1
202679at7147	ds1
203388at7147	ds1
203569at7147	ds1
20384at7147	ds1
204057at7147	ds1
204383at7147	ds1
204754at7147	ds1
205742at7147	ds1
206361at7147	ds1
206632at7147	ds1
207316at7147	ds1
207537at7147	ds1
207748at7147	ds1
208352at7147	ds1
208542at7147	ds1
209407at7147	ds1
209679at7147	ds1
210072at7147	ds1
210628at7147	ds1
211705at7147	ds1
212800at7147	ds1
214308at7147	ds1
214518at7147	ds1
214546at7147	ds1
214607at7147	ds1
214703at7147	ds1
214763at7147	ds1
214843at7147	ds1
216182at7147	ds1
216533at7147	ds1
216811at7147	ds1
217122at7147	ds1
217498at7147	ds1
217999at7147	ds1
218238at7147	ds1
218305at7147	ds1
218314at7147	ds1
218711at7147	ds1
218877at7147	ds1
218974at7147	ds1
219340at7147	ds1
219689at7147	ds1
219819at7147	ds1
220528at7147	ds1
220952at7147	ds1
221587at7147	ds1
222145at7147	ds1
222283at7147	ds1
222873at7147	ds1
222932at7147	ds1
223201at7147	ds1
22334at7147	ds1
223645at7147	ds1
223744at7147	ds1
223822at7147	ds1
224266at7147	ds1
224516at7147	ds1
224916at7147	ds1
224956at7147	ds1
225581at7147	ds1
225633at7147	ds1
226661at7147	ds1
226747at7147	ds1
226752at7147	ds1
227055at7147	ds1
227061at7147	ds1
227395at7147	ds1
227473at7147	ds1
228410at7147	ds1
228569at7147	ds1
228587at7147	ds1
229769at7147	ds1
229842at7147	ds1
230011at7147	ds1
231117at7147	ds1
231288at7147	ds1
231607at7147	ds1
232528at7147	ds1
232822at7147	ds1
232835at7147	ds1
232996at7147	ds1
233185at7147	ds1
233816at7147	ds1
234585at7147	ds1
234759at7147	ds1
235153at7147	ds1
235423at7147	ds1
235448at7147	ds1
235831at7147	ds1
236620at7147	ds1
237248at7147	ds1
237270at7147	ds1
237431at7147	ds1
237923at7147	ds1
238031at7147	ds1
238394at7147	ds1
238428at7147	ds1
238586at7147	ds1
238915at7147	ds1
239240at7147	ds1
239782at7147	ds1
240774at7147	ds1
240886at7147	ds1
241406at7147	ds1
24160at7147	ds1
241665at7147	ds1
242106at7147	ds1
24342at7147	ds1
243777at7147	ds1
244151at7147	ds1
244169at7147	ds1
244550at7147	ds1
244942at7147	ds1
245009at7147	ds1
245107at7147	ds1
245660at7147	ds1
246220at7147	ds1
246361at7147	ds1
247289at7147	ds1
247442at7147	ds1
247544at7147	ds1
247859at7147	ds1
247961at7147	ds1
248412at7147	ds1
248591at7147	ds1
248712at7147	ds1
249041at7147	ds1
249380at7147	ds1
249556at7147	ds1
250006at7147	ds1
250262at7147	ds1
25037at7147	ds1
25045at7147	ds1
250915at7147	ds1
250949at7147	ds1
251050at7147	ds1
252158at7147	ds1
252292at7147	ds1
252557at7147	ds1
252823at7147	ds1
252835at7147	ds1
252939at7147	ds1
252979at7147	ds1
25365at7147	ds1
253912at7147	ds1
253961at7147	ds1
25417at7147	ds1
25419at7147	ds1
254745at7147	ds1
254776at7147	ds1
255256at7147	ds1
2552at7147	ds1
255486at7147	ds1
255496at7147	ds1
255778at7147	ds1
255795at7147	ds1
256107at7147	ds1
256150at7147	ds1
256446at7147	ds1
256647at7147	ds1
257063at7147	ds1
257558at7147	ds1
257845at7147	ds1
257859at7147	ds1
25828at7147	ds1
258674at7147	ds1
259008at7147	ds1
259060at7147	ds1
259157at7147	ds1
259255at7147	ds1
259299at7147	ds1
259332at7147	ds1
260249at7147	ds1
260922at7147	ds1
261017at7147	ds1
262394at7147	ds1
263519at7147	ds1
263557at7147	ds1
264043at7147	ds1
264982at7147	ds1
265118at7147	ds1
265154at7147	ds1
265341at7147	ds1
265491at7147	ds1
265580at7147	ds1
26565at7147	ds1
266047at7147	ds1
266550at7147	ds1
266921at7147	ds1
267483at7147	ds1
268784at7147	ds1
268871at7147	ds1
269544at7147	ds1
269826at7147	ds1
270210at7147	ds1
270295at7147	ds1
270439at7147	ds1
27053at7147	ds1
270720at7147	ds1
270784at7147	ds1
270852at7147	ds1
271043at7147	ds1
271225at7147	ds1
271803at7147	ds1
272235at7147	ds1
272332at7147	ds1
272952at7147	ds1
272975at7147	ds1
273176at7147	ds1
273487at7147	ds1
273636at7147	ds1
273793at7147	ds1
273822at7147	ds1
273906at7147	ds1
274495at7147	ds1
274654at7147	ds1
274795at7147	ds1
274915at7147	ds1
274980at7147	ds1
275475at7147	ds1
275815at7147	ds1
275911at7147	ds1
276185at7147	ds1
276218at7147	ds1
276371at7147	ds1
27653at7147	ds1
277209at7147	ds1
27852at7147	ds1
278638at7147	ds1
278779at7147	ds1
278899at7147	ds1
278917at7147	ds1
279073at7147	ds1
279464at7147	ds1
27997at7147	ds1
280212at7147	ds1
280361at7147	ds1
280390at7147	ds1
280459at7147	ds1
280464at7147	ds1
281011at7147	ds1
281267at7147	ds1
281283at7147	ds1
281347at7147	ds1
281523at7147	ds1
281542at7147	ds1
281669at7147	ds1
28180at7147	ds1
283943at7147	ds1
28453at7147	ds1
284558at7147	ds1
284819at7147	ds1
285302at7147	ds1
28547at7147	ds1
28614at7147	ds1
286254at7147	ds1
28627at7147	ds1
287072at7147	ds1
287351at7147	ds1
287440at7147	ds1
287476at7147	ds1
287511at7147	ds1
287774at7147	ds1
288113at7147	ds1
288317at7147	ds1
28877at7147	ds1
28958at7147	ds1
289612at7147	ds1
290064at7147	ds1
290481at7147	ds1
291867at7147	ds1
291945at7147	ds1
292255at7147	ds1
292525at7147	ds1
292560at7147	ds1
292716at7147	ds1
292762at7147	ds1
293245at7147	ds1
294505at7147	ds1
294507at7147	ds1
294786at7147	ds1
295011at7147	ds1
295337at7147	ds1
29552at7147	ds1
295558at7147	ds1
295624at7147	ds1
295953at7147	ds1
296305at7147	ds1
296534at7147	ds1
296695at7147	ds1
29676at7147	ds1
2969at7147	ds1
297571at7147	ds1
297866at7147	ds1
297932at7147	ds1
298591at7147	ds1
298828at7147	ds1
298856at7147	ds1
299666at7147	ds1
299672at7147	ds1
300196at7147	ds1
300291at7147	ds1
30071at7147	ds1
300778at7147	ds1
300956at7147	ds1
302405at7147	ds1
302500at7147	ds1
302851at7147	ds1
304040at7147	ds1
304387at7147	ds1
305110at7147	ds1
305311at7147	ds1
305612at7147	ds1
305813at7147	ds1
305925at7147	ds1
307441at7147	ds1
308242at7147	ds1
308627at7147	ds1
308633at7147	ds1
308882at7147	ds1
309960at7147	ds1
310237at7147	ds1
310503at7147	ds1
311252at7147	ds1
311425at7147	ds1
311472at7147	ds1
312007at7147	ds1
312485at7147	ds1
313023at7147	ds1
313192at7147	ds1
313423at7147	ds1
313468at7147	ds1
315299at7147	ds1
315625at7147	ds1
315835at7147	ds1
316051at7147	ds1
316547at7147	ds1
316673at7147	ds1
316725at7147	ds1
317118at7147	ds1
318238at7147	ds1
318481at7147	ds1
318874at7147	ds1
318883at7147	ds1
32033at7147	ds1
320425at7147	ds1
320463at7147	ds1
32183at7147	ds1
3219at7147	ds1
322577at7147	ds1
322647at7147	ds1
322797at7147	ds1
32289at7147	ds1
323507at7147	ds1
323595at7147	ds1
324452at7147	ds1
325325at7147	ds1
325495at7147	ds1
326427at7147	ds1
326743at7147	ds1
327080at7147	ds1
32727at7147	ds1
327876at7147	ds1
32815at7147	ds1
328697at7147	ds1
328778at7147	ds1
328983at7147	ds1
330258at7147	ds1
330356at7147	ds1
330592at7147	ds1
330882at7147	ds1
3308at7147	ds1
33333at7147	ds1
333597at7147	ds1
333890at7147	ds1
334129at7147	ds1
33462at7147	ds1
33545at7147	ds1
33557at7147	ds1
336049at7147	ds1
33604at7147	ds1
336086at7147	ds1
336160at7147	ds1
336167at7147	ds1
336581at7147	ds1
336707at7147	ds1
338204at7147	ds1
33865at7147	ds1
339983at7147	ds1
34007at7147	ds1
340823at7147	ds1
341168at7147	ds1
342499at7147	ds1
342905at7147	ds1
34360at7147	ds1
344048at7147	ds1
344135at7147	ds1
344160at7147	ds1
344407at7147	ds1
344962at7147	ds1
345445at7147	ds1
34697at7147	ds1
347134at7147	ds1
347136at7147	ds1
347528at7147	ds1
348025at7147	ds1
348165at7147	ds1
348238at7147	ds1
349390at7147	ds1
350662at7147	ds1
350700at7147	ds1
351037at7147	ds1
351423at7147	ds1
351939at7147	ds1
353269at7147	ds1
354383at7147	ds1
355389at7147	ds1
355668at7147	ds1
355693at7147	ds1
35769at7147	ds1
36172at7147	ds1
36193at7147	ds1
37186at7147	ds1
37245at7147	ds1
37366at7147	ds1
37663at7147	ds1
37808at7147	ds1
38124at7147	ds1
38132at7147	ds1
38565at7147	ds1
39581at7147	ds1
39893at7147	ds1
4073at7147	ds1
40882at7147	ds1
41434at7147	ds1
41456at7147	ds1
42404at7147	ds1
42863at7147	ds1
43223at7147	ds1
43869at7147	ds1
44860at7147	ds1
44889at7147	ds1
46504at7147	ds1
46512at7147	ds1
4932at7147	ds1
49690at7147	ds1
49933at7147	ds1
50027at7147	ds1
50326at7147	ds1
54542at7147	ds1
54562at7147	ds1
54589at7147	ds1
54844at7147	ds1
54903at7147	ds1
54922at7147	ds1
55109at7147	ds1
55165at7147	ds1
55224at7147	ds1
55391at7147	ds1
55436at7147	ds1
55577at7147	ds1
55641at7147	ds1
55671at7147	ds1
55683at7147	ds1
55739at7147	ds1
55818at7147	ds1
56037at7147	ds1
56165at7147	ds1
56303at7147	ds1
56486at7147	ds1
56498at7147	ds1
56534at7147	ds1
56549at7147	ds1
56617at7147	ds1
56645at7147	ds1
56706at7147	ds1
56713at7147	ds1
56809at7147	ds1
57237at7147	ds1
5723at7147	ds1
57306at7147	ds1
57311at7147	ds1
57454at7147	ds1
57459at7147	ds1
57508at7147	ds1
57557at7147	ds1
57586at7147	ds1
57700at7147	ds1
57847at7147	ds1
57929at7147	ds1
57990at7147	ds1
58110at7147	ds1
58177at7147	ds1
58266at7147	ds1
58362at7147	ds1
58417at7147	ds1
58750at7147	ds1
58753at7147	ds1
58803at7147	ds1
58894at7147	ds1
58935at7147	ds1
59197at7147	ds1
59208at7147	ds1
59276at7147	ds1
59513at7147	ds1
59530at7147	ds1
59706at7147	ds1
59881at7147	ds1
59897at7147	ds1
60134at7147	ds1
60157at7147	ds1
60303at7147	ds1
60338at7147	ds1
60353at7147	ds1
60501at7147	ds1
60514at7147	ds1
60545at7147	ds1
60688at7147	ds1
60739at7147	ds1
60973at7147	ds1
61024at7147	ds1
61053at7147	ds1
61116at7147	ds1
61242at7147	ds1
61276at7147	ds1
61286at7147	ds1
61331at7147	ds1
61386at7147	ds1
61398at7147	ds1
61497at7147	ds1
61543at7147	ds1
61774at7147	ds1
61890at7147	ds1
61938at7147	ds1
62100at7147	ds1
62270at7147	ds1
62339at7147	ds1
62557at7147	ds1
62613at7147	ds1
62681at7147	ds1
62879at7147	ds1
62907at7147	ds1
63017at7147	ds1
63187at7147	ds1
63476at7147	ds1
63540at7147	ds1
63582at7147	ds1
63597at7147	ds1
63607at7147	ds1
63652at7147	ds1
63672at7147	ds1
63777at7147	ds1
63804at7147	ds1
63838at7147	ds1
63904at7147	ds1
64084at7147	ds1
64195at7147	ds1
64272at7147	ds1
64274at7147	ds1
64278at7147	ds1
64333at7147	ds1
64411at7147	ds1
64519at7147	ds1
64636at7147	ds1
64757at7147	ds1
64974at7147	ds1
65054at7147	ds1
65076at7147	ds1
65138at7147	ds1
65151at7147	ds1
65213at7147	ds1
65217at7147	ds1
65361at7147	ds1
65399at7147	ds1
65433at7147	ds1
65523at7147	ds1
65602at7147	ds1
65654at7147	ds1
65754at7147	ds1
65801at7147	ds1
65834at7147	ds1
65844at7147	ds1
65939at7147	ds1
65972at7147	ds1
65992at7147	ds1
66007at7147	ds1
66048at7147	ds1
66069at7147	ds1
66228at7147	ds1
66364at7147	ds1
66538at7147	ds1
66606at7147	ds1
66757at7147	ds1
66869at7147	ds1
66956at7147	ds1
67052at7147	ds1
67195at7147	ds1
67641at7147	ds1
67644at7147	ds1
67659at7147	ds1
67845at7147	ds1
67901at7147	ds1
68075at7147	ds1
68082at7147	ds1
68224at7147	ds1
68288at7147	ds1
68373at7147	ds1
68399at7147	ds1
68417at7147	ds1
68458at7147	ds1
68482at7147	ds1
68613at7147	ds1
68649at7147	ds1
68670at7147	ds1
68762at7147	ds1
69002at7147	ds1
69010at7147	ds1
69017at7147	ds1
69019at7147	ds1
69073at7147	ds1
69074at7147	ds1
69079at7147	ds1
69085at7147	ds1
69219at7147	ds1
69261at7147	ds1
69313at7147	ds1
69357at7147	ds1
69379at7147	ds1
69404at7147	ds1
69557at7147	ds1
69591at7147	ds1
69699at7147	ds1
69709at7147	ds1
69924at7147	ds1
69929at7147	ds1
70044at7147	ds1
70080at7147	ds1
70106at7147	ds1
70218at7147	ds1
70225at7147	ds1
70340at7147	ds1
70366at7147	ds1
70383at7147	ds1
70546at7147	ds1
70608at7147	ds1
70637at7147	ds1
70779at7147	ds1
70827at7147	ds1
70976at7147	ds1
71013at7147	ds1
71034at7147	ds1
71060at7147	ds1
71109at7147	ds1
71129at7147	ds1
71178at7147	ds1
71223at7147	ds1
71372at7147	ds1
71443at7147	ds1
71465at7147	ds1
71485at7147	ds1
71559at7147	ds1
71593at7147	ds1
71612at7147	ds1
71960at7147	ds1
72055at7147	ds1
72241at7147	ds1
72344at7147	ds1
72372at7147	ds1
72443at7147	ds1
72463at7147	ds1
72599at7147	ds1
72768at7147	ds1
72786at7147	ds1
73073at7147	ds1
73211at7147	ds1
73290at7147	ds1
73368at7147	ds1
73639at7147	ds1
73667at7147	ds1
73800at7147	ds1
73994at7147	ds1
74048at7147	ds1
74309at7147	ds1
74338at7147	ds1
74410at7147	ds1
74474at7147	ds1
74496at7147	ds1
74664at7147	ds1
74794at7147	ds1
74811at7147	ds1
74847at7147	ds1
74865at7147	ds1
74875at7147	ds1
74894at7147	ds1
75060at7147	ds1
75250at7147	ds1
75300at7147	ds1
75316at7147	ds1
75376at7147	ds1
75400at7147	ds1
75426at7147	ds1
75478at7147	ds1
75525at7147	ds1
75531at7147	ds1
7563at7147	ds1
75691at7147	ds1
75947at7147	ds1
76179at7147	ds1
76308at7147	ds1
76417at7147	ds1
76503at7147	ds1
76554at7147	ds1
76798at7147	ds1
76860at7147	ds1
76862at7147	ds1
76942at7147	ds1
76952at7147	ds1
76978at7147	ds1
77167at7147	ds1
77188at7147	ds1
7971at7147	ds1
8005at7147	ds1
8079at7147	ds1
8734at7147	ds1
8873at7147	ds1
8at7147	ds1
9191at7147	ds1
9356at7147	ds1
98712at7147	ds1
10097at7147	ds2
1055at7147	ds2
10654at7147	ds2
10730at7147	ds2
108194at7147	ds2
11023at7147	ds2
117470at7147	ds2
11753at7147	ds2
11778at7147	ds2
12226at7147	ds2
124132at7147	ds2
125314at7147	ds2
12759at7147	ds2
13389at7147	ds2
13588at7147	ds2
136142at7147	ds2
139357at7147	ds2
141840at7147	ds2
14247at7147	ds2
142617at7147	ds2
14525at7147	ds2
14621at7147	ds2
14633at7147	ds2
147576at7147	ds2
149853at7147	ds2
15074at7147	ds2
15549at7147	ds2
15662at7147	ds2
161816at7147	ds2
161986at7147	ds2
162279at7147	ds2
162523at7147	ds2
16264at7147	ds2
163083at7147	ds2
163258at7147	ds2
163316at7147	ds2
163391at7147	ds2
163483at7147	ds2
163534at7147	ds2
164431at7147	ds2
164916at7147	ds2
165055at7147	ds2
165751at7147	ds2
165814at7147	ds2
165864at7147	ds2
165944at7147	ds2
166120at7147	ds2
166242at7147	ds2
166427at7147	ds2
166517at7147	ds2
166641at7147	ds2
166882at7147	ds2
166924at7147	ds2
167029at7147	ds2
167175at7147	ds2
167786at7147	ds2
167972at7147	ds2
168021at7147	ds2
168060at7147	ds2
168244at7147	ds2
168247at7147	ds2
168588at7147	ds2
168643at7147	ds2
168677at7147	ds2
168682at7147	ds2
168883at7147	ds2
168942at7147	ds2
168959at7147	ds2
168975at7147	ds2
1690at7147	ds2
169311at7147	ds2
17073at7147	ds2
171365at7147	ds2
171855at7147	ds2
172299at7147	ds2
173218at7147	ds2
174040at7147	ds2
17410at7147	ds2
174436at7147	ds2
175661at7147	ds2
17568at7147	ds2
175710at7147	ds2
17603at7147	ds2
17608at7147	ds2
176507at7147	ds2
176783at7147	ds2
17711at7147	ds2
177533at7147	ds2
17793at7147	ds2
178237at7147	ds2
178354at7147	ds2
178987at7147	ds2
179205at7147	ds2
180405at7147	ds2
180799at7147	ds2
180822at7147	ds2
181909at7147	ds2
182096at7147	ds2
182952at7147	ds2
183317at7147	ds2
183738at7147	ds2
184064at7147	ds2
184426at7147	ds2
184526at7147	ds2
18472at7147	ds2
18484at7147	ds2
185066at7147	ds2
185268at7147	ds2
185345at7147	ds2
185360at7147	ds2
186132at7147	ds2
186220at7147	ds2
186601at7147	ds2
186862at7147	ds2
187558at7147	ds2
187806at7147	ds2
189418at7147	ds2
189615at7147	ds2
189702at7147	ds2
189709at7147	ds2
190063at7147	ds2
190195at7147	ds2
190773at7147	ds2
191118at7147	ds2
192868at7147	ds2
193528at7147	ds2
193600at7147	ds2
193617at7147	ds2
193781at7147	ds2
194370at7147	ds2
194613at7147	ds2
195925at7147	ds2
196145at7147	ds2
197370at7147	ds2
197467at7147	ds2
198185at7147	ds2
198499at7147	ds2
198742at7147	ds2
199143at7147	ds2
199566at7147	ds2
199581at7147	ds2
201214at7147	ds2
201808at7147	ds2
201874at7147	ds2
202022at7147	ds2
202039at7147	ds2
202071at7147	ds2
202191at7147	ds2
202622at7147	ds2
202637at7147	ds2
203027at7147	ds2
203551at7147	ds2
203893at7147	ds2
204032at7147	ds2
204329at7147	ds2
204581at7147	ds2
205264at7147	ds2
205381at7147	ds2
205624at7147	ds2
20633at7147	ds2
206750at7147	ds2
206914at7147	ds2
206928at7147	ds2
207042at7147	ds2
207163at7147	ds2
20729at7147	ds2
207337at7147	ds2
20821at7147	ds2
208373at7147	ds2
208604at7147	ds2
209049at7147	ds2
209274at7147	ds2
209900at7147	ds2
210040at7147	ds2
210074at7147	ds2
210188at7147	ds2
210598at7147	ds2
21072at7147	ds2
210782at7147	ds2
211293at7147	ds2
211325at7147	ds2
211337at7147	ds2
211613at7147	ds2
211848at7147	ds2
212151at7147	ds2
212459at7147	ds2
21253at7147	ds2
213130at7147	ds2
21351at7147	ds2
213638at7147	ds2
214635at7147	ds2
215197at7147	ds2
216212at7147	ds2
216792at7147	ds2
216894at7147	ds2
21773at7147	ds2
217926at7147	ds2
218465at7147	ds2
21852at7147	ds2
219266at7147	ds2
219582at7147	ds2
220196at7147	ds2
220211at7147	ds2
220756at7147	ds2
220802at7147	ds2
220933at7147	ds2
220949at7147	ds2
221190at7147	ds2
221957at7147	ds2
222109at7147	ds2
222703at7147	ds2
222783at7147	ds2
222790at7147	ds2
222834at7147	ds2
223496at7147	ds2
223877at7147	ds2
224392at7147	ds2
22449at7147	ds2
224754at7147	ds2
224995at7147	ds2
225053at7147	ds2
225854at7147	ds2
226119at7147	ds2
226656at7147	ds2
227250at7147	ds2
227682at7147	ds2
22815at7147	ds2
228369at7147	ds2
228997at7147	ds2
229124at7147	ds2
229153at7147	ds2
229217at7147	ds2
229334at7147	ds2
229756at7147	ds2
230195at7147	ds2
230202at7147	ds2
230211at7147	ds2
230403at7147	ds2
231212at7147	ds2
231315at7147	ds2
231446at7147	ds2
232603at7147	ds2
232800at7147	ds2
233254at7147	ds2
233260at7147	ds2
233318at7147	ds2
234002at7147	ds2
234671at7147	ds2
234805at7147	ds2
235260at7147	ds2
235503at7147	ds2
23560at7147	ds2
235700at7147	ds2
236272at7147	ds2
236368at7147	ds2
236395at7147	ds2
237417at7147	ds2
237862at7147	ds2
238019at7147	ds2
238841at7147	ds2
238923at7147	ds2
238941at7147	ds2
239017at7147	ds2
240367at7147	ds2
241047at7147	ds2
241233at7147	ds2
241245at7147	ds2
241904at7147	ds2
242055at7147	ds2
242228at7147	ds2
242314at7147	ds2
243227at7147	ds2
243458at7147	ds2
244310at7147	ds2
244662at7147	ds2
245053at7147	ds2
245398at7147	ds2
246813at7147	ds2
247074at7147	ds2
247235at7147	ds2
247475at7147	ds2
247755at7147	ds2
248245at7147	ds2
248354at7147	ds2
248858at7147	ds2
248981at7147	ds2
249263at7147	ds2
249383at7147	ds2
249737at7147	ds2
249779at7147	ds2
250611at7147	ds2
250679at7147	ds2
250868at7147	ds2
25091at7147	ds2
251010at7147	ds2
251108at7147	ds2
25119at7147	ds2
25176at7147	ds2
251880at7147	ds2
252061at7147	ds2
252159at7147	ds2
252614at7147	ds2
252642at7147	ds2
252684at7147	ds2
25297at7147	ds2
253582at7147	ds2
253625at7147	ds2
25380at7147	ds2
254013at7147	ds2
254130at7147	ds2
254208at7147	ds2
254505at7147	ds2
254558at7147	ds2
254826at7147	ds2
255198at7147	ds2
255269at7147	ds2
255721at7147	ds2
256470at7147	ds2
256579at7147	ds2
256785at7147	ds2
256852at7147	ds2
257562at7147	ds2
258056at7147	ds2
258667at7147	ds2
258862at7147	ds2
259232at7147	ds2
259489at7147	ds2
259866at7147	ds2
260154at7147	ds2
260381at7147	ds2
260397at7147	ds2
260437at7147	ds2
260461at7147	ds2
2609at7147	ds2
2610at7147	ds2
261164at7147	ds2
261225at7147	ds2
261374at7147	ds2
261446at7147	ds2
261841at7147	ds2
262341at7147	ds2
262890at7147	ds2
263026at7147	ds2
263649at7147	ds2
264141at7147	ds2
264309at7147	ds2
265149at7147	ds2
265311at7147	ds2
265425at7147	ds2
26603at7147	ds2
266347at7147	ds2
266363at7147	ds2
266482at7147	ds2
26854at7147	ds2
268798at7147	ds2
268926at7147	ds2
268940at7147	ds2
269347at7147	ds2
269467at7147	ds2
270215at7147	ds2
270782at7147	ds2
2709at7147	ds2
271368at7147	ds2
271537at7147	ds2
271572at7147	ds2
272009at7147	ds2
272160at7147	ds2
272293at7147	ds2
272627at7147	ds2
27297at7147	ds2
274222at7147	ds2
274263at7147	ds2
274268at7147	ds2
274377at7147	ds2
274396at7147	ds2
274715at7147	ds2
274937at7147	ds2
275025at7147	ds2
275051at7147	ds2
275971at7147	ds2
276247at7147	ds2
276853at7147	ds2
277284at7147	ds2
277731at7147	ds2
278097at7147	ds2
27839at7147	ds2
278453at7147	ds2
278677at7147	ds2
278880at7147	ds2
279394at7147	ds2
280333at7147	ds2
280671at7147	ds2
280996at7147	ds2
281225at7147	ds2
281393at7147	ds2
281912at7147	ds2
281921at7147	ds2
282614at7147	ds2
28266at7147	ds2
282860at7147	ds2
283279at7147	ds2
283328at7147	ds2
284736at7147	ds2
285016at7147	ds2
285192at7147	ds2
28601at7147	ds2
286387at7147	ds2
286403at7147	ds2
287034at7147	ds2
287822at7147	ds2
288097at7147	ds2
288131at7147	ds2
288648at7147	ds2
288665at7147	ds2
288922at7147	ds2
290655at7147	ds2
290830at7147	ds2
291961at7147	ds2
29289at7147	ds2
292918at7147	ds2
292983at7147	ds2
293949at7147	ds2
294280at7147	ds2
295163at7147	ds2
295178at7147	ds2
295310at7147	ds2
296596at7147	ds2
296850at7147	ds2
297594at7147	ds2
297810at7147	ds2
297901at7147	ds2
298064at7147	ds2
298657at7147	ds2
298916at7147	ds2
299018at7147	ds2
299040at7147	ds2
299634at7147	ds2
299836at7147	ds2
300251at7147	ds2
300552at7147	ds2
301408at7147	ds2
301684at7147	ds2
301691at7147	ds2
30213at7147	ds2
302314at7147	ds2
302891at7147	ds2
302920at7147	ds2
303198at7147	ds2
303335at7147	ds2
303353at7147	ds2
303443at7147	ds2
304822at7147	ds2
304892at7147	ds2
305385at7147	ds2
305729at7147	ds2
306780at7147	ds2
306810at7147	ds2
306844at7147	ds2
307476at7147	ds2
307605at7147	ds2
307703at7147	ds2
308180at7147	ds2
308466at7147	ds2
308629at7147	ds2
308957at7147	ds2
309306at7147	ds2
310595at7147	ds2
310609at7147	ds2
311661at7147	ds2
3120at7147	ds2
312756at7147	ds2
314566at7147	ds2
315085at7147	ds2
315235at7147	ds2
315280at7147	ds2
316064at7147	ds2
316979at7147	ds2
317138at7147	ds2
317266at7147	ds2
317369at7147	ds2
317484at7147	ds2
318210at7147	ds2
318213at7147	ds2
318260at7147	ds2
318410at7147	ds2
318998at7147	ds2
319005at7147	ds2
319170at7147	ds2
31943at7147	ds2
319488at7147	ds2
320262at7147	ds2
320376at7147	ds2
321389at7147	ds2
322639at7147	ds2
322677at7147	ds2
323705at7147	ds2
324493at7147	ds2
325416at7147	ds2
326289at7147	ds2
326304at7147	ds2
32812at7147	ds2
330177at7147	ds2
330766at7147	ds2
33135at7147	ds2
33155at7147	ds2
331756at7147	ds2
33177at7147	ds2
331781at7147	ds2
331803at7147	ds2
333943at7147	ds2
33410at7147	ds2
334148at7147	ds2
334698at7147	ds2
33480at7147	ds2
335931at7147	ds2
336604at7147	ds2
336695at7147	ds2
337136at7147	ds2
338103at7147	ds2
339400at7147	ds2
340115at7147	ds2
340179at7147	ds2
340210at7147	ds2
341071at7147	ds2
341416at7147	ds2
342332at7147	ds2
343482at7147	ds2
345909at7147	ds2
346156at7147	ds2
347673at7147	ds2
34784at7147	ds2
348171at7147	ds2
348417at7147	ds2
35089at7147	ds2
351844at7147	ds2
35188at7147	ds2
35253at7147	ds2
353371at7147	ds2
35393at7147	ds2
355470at7147	ds2
355810at7147	ds2
35727at7147	ds2
36758at7147	ds2
37351at7147	ds2
37448at7147	ds2
37647at7147	ds2
37895at7147	ds2
38435at7147	ds2
38813at7147	ds2
39439at7147	ds2
39526at7147	ds2
40328at7147	ds2
40401at7147	ds2
40805at7147	ds2
41815at7147	ds2
4274at7147	ds2
42940at7147	ds2
43134at7147	ds2
43367at7147	ds2
43790at7147	ds2
44500at7147	ds2
45005at7147	ds2
45522at7147	ds2
46281at7147	ds2
4667at7147	ds2
46696at7147	ds2
47837at7147	ds2
48421at7147	ds2
48886at7147	ds2
49557at7147	ds2
49586at7147	ds2
49770at7147	ds2
5225at7147	ds2
525at7147	ds2
54528at7147	ds2
54531at7147	ds2
54556at7147	ds2
54682at7147	ds2
54713at7147	ds2
54740at7147	ds2
54775at7147	ds2
54791at7147	ds2
54821at7147	ds2
54822at7147	ds2
5488at7147	ds2
54971at7147	ds2
55090at7147	ds2
55091at7147	ds2
55161at7147	ds2
55167at7147	ds2
55399at7147	ds2
55645at7147	ds2
55670at7147	ds2
55723at7147	ds2
55749at7147	ds2
55751at7147	ds2
55755at7147	ds2
55776at7147	ds2
56201at7147	ds2
56298at7147	ds2
56625at7147	ds2
56767at7147	ds2
56788at7147	ds2
56803at7147	ds2
56814at7147	ds2
56815at7147	ds2
56847at7147	ds2
56907at7147	ds2
56954at7147	ds2
56974at7147	ds2
57025at7147	ds2
57036at7147	ds2
5711at7147	ds2
57144at7147	ds2
57295at7147	ds2
57440at7147	ds2
57466at7147	ds2
57504at7147	ds2
57511at7147	ds2
57591at7147	ds2
57656at7147	ds2
57658at7147	ds2
57742at7147	ds2
57748at7147	ds2
57772at7147	ds2
57779at7147	ds2
57791at7147	ds2
57879at7147	ds2
57900at7147	ds2
57994at7147	ds2
58188at7147	ds2
58277at7147	ds2
58419at7147	ds2
58570at7147	ds2
58622at7147	ds2
58656at7147	ds2
58691at7147	ds2
58824at7147	ds2
59159at7147	ds2
59514at7147	ds2
59543at7147	ds2
59594at7147	ds2
59805at7147	ds2
59847at7147	ds2
59867at7147	ds2
59917at7147	ds2
59927at7147	ds2
59932at7147	ds2
59934at7147	ds2
60030at7147	ds2
60162at7147	ds2
60284at7147	ds2
60422at7147	ds2
60701at7147	ds2
60911at7147	ds2
60913at7147	ds2
60915at7147	ds2
61002at7147	ds2
61095at7147	ds2
61222at7147	ds2
61232at7147	ds2
61683at7147	ds2
61869at7147	ds2
61966at7147	ds2
61992at7147	ds2
61993at7147	ds2
62048at7147	ds2
62197at7147	ds2
62204at7147	ds2
62366at7147	ds2
62372at7147	ds2
62407at7147	ds2
62502at7147	ds2
62639at7147	ds2
62660at7147	ds2
62727at7147	ds2
62799at7147	ds2
63007at7147	ds2
63127at7147	ds2
63137at7147	ds2
63148at7147	ds2
63203at7147	ds2
63210at7147	ds2
63215at7147	ds2
63282at7147	ds2
63383at7147	ds2
63517at7147	ds2
63536at7147	ds2
63569at7147	ds2
63580at7147	ds2
63633at7147	ds2
63650at7147	ds2
63716at7147	ds2
63806at7147	ds2
63892at7147	ds2
63942at7147	ds2
64161at7147	ds2
64173at7147	ds2
64216at7147	ds2
64346at7147	ds2
64505at7147	ds2
64833at7147	ds2
65007at7147	ds2
65038at7147	ds2
65081at7147	ds2
65131at7147	ds2
65169at7147	ds2
65490at7147	ds2
65536at7147	ds2
65559at7147	ds2
65561at7147	ds2
65599at7147	ds2
65656at7147	ds2
65687at7147	ds2
65784at7147	ds2
65830at7147	ds2
65892at7147	ds2
66055at7147	ds2
66066at7147	ds2
66196at7147	ds2
66243at7147	ds2
66373at7147	ds2
66510at7147	ds2
66846at7147	ds2
66848at7147	ds2
66994at7147	ds2
66999at7147	ds2
67006at7147	ds2
67114at7147	ds2
67622at7147	ds2
67636at7147	ds2
67770at7147	ds2
67773at7147	ds2
67940at7147	ds2
67941at7147	ds2
68038at7147	ds2
68398at7147	ds2
68459at7147	ds2
68623at7147	ds2
68758at7147	ds2
68850at7147	ds2
68959at7147	ds2
69110at7147	ds2
69164at7147	ds2
69243at7147	ds2
69310at7147	ds2
69362at7147	ds2
69376at7147	ds2
69602at7147	ds2
69617at7147	ds2
69661at7147	ds2
70045at7147	ds2
70110at7147	ds2
70165at7147	ds2
70240at7147	ds2
70479at7147	ds2
70490at7147	ds2
70507at7147	ds2
70554at7147	ds2
70587at7147	ds2
70840at7147	ds2
70877at7147	ds2
70891at7147	ds2
71020at7147	ds2
71162at7147	ds2
71211at7147	ds2
71362at7147	ds2
71476at7147	ds2
71545at7147	ds2
71549at7147	ds2
71555at7147	ds2
71571at7147	ds2
71846at7147	ds2
72078at7147	ds2
72170at7147	ds2
72354at7147	ds2
72481at7147	ds2
72776at7147	ds2
72936at7147	ds2
72938at7147	ds2
72960at7147	ds2
73091at7147	ds2
73142at7147	ds2
73161at7147	ds2
73186at7147	ds2
73249at7147	ds2
73422at7147	ds2
73487at7147	ds2
73870at7147	ds2
74114at7147	ds2
74323at7147	ds2
74430at7147	ds2
74611at7147	ds2
74687at7147	ds2
74714at7147	ds2
74909at7147	ds2
75178at7147	ds2
75205at7147	ds2
75367at7147	ds2
75560at7147	ds2
75763at7147	ds2
75810at7147	ds2
75863at7147	ds2
75937at7147	ds2
76151at7147	ds2
76358at7147	ds2
76453at7147	ds2
76678at7147	ds2
76881at7147	ds2
77052at7147	ds2
8016at7147	ds2
8234at7147	ds2
8348at7147	ds2
836at7147	ds2
8741at7147	ds2
8776at7147	ds2
89210at7147	ds2
8977at7147	ds2
91715at7147	ds2
9487at7147	ds2
9678at7147	ds2
101192at7147	ds3
101651at7147	ds3
10247at7147	ds3
10589at7147	ds3
10709at7147	ds3
109478at7147	ds3
111315at7147	ds3
111861at7147	ds3
112161at7147	ds3
11268at7147	ds3
11292at7147	ds3
11343at7147	ds3
114519at7147	ds3
11516at7147	ds3
118121at7147	ds3
11888at7147	ds3
119241at7147	ds3
11999at7147	ds3
122970at7147	ds3
123956at7147	ds3
12652at7147	ds3
13056at7147	ds3
13207at7147	ds3
132604at7147	ds3
133899at7147	ds3
133939at7147	ds3
13883at7147	ds3
139373at7147	ds3
142376at7147	ds3
146574at7147	ds3
147707at7147	ds3
148008at7147	ds3
148238at7147	ds3
149542at7147	ds3
153799at7147	ds3
15390at7147	ds3
15451at7147	ds3
15468at7147	ds3
15977at7147	ds3
161437at7147	ds3
162166at7147	ds3
162310at7147	ds3
162402at7147	ds3
162532at7147	ds3
162607at7147	ds3
163134at7147	ds3
163386at7147	ds3
163466at7147	ds3
163938at7147	ds3
164044at7147	ds3
164134at7147	ds3
164211at7147	ds3
164312at7147	ds3
164323at7147	ds3
164356at7147	ds3
164649at7147	ds3
164695at7147	ds3
164767at7147	ds3
164941at7147	ds3
165107at7147	ds3
165168at7147	ds3
165182at7147	ds3
165211at7147	ds3
165293at7147	ds3
165376at7147	ds3
165401at7147	ds3
165426at7147	ds3
165554at7147	ds3
165654at7147	ds3
165666at7147	ds3
165708at7147	ds3
165770at7147	ds3
166159at7147	ds3
166165at7147	ds3
166172at7147	ds3
166186at7147	ds3
166329at7147	ds3
166570at7147	ds3
166642at7147	ds3
166700at7147	ds3
166880at7147	ds3
166887at7147	ds3
166974at7147	ds3
166996at7147	ds3
167199at7147	ds3
167499at7147	ds3
167791at7147	ds3
167857at7147	ds3
168044at7147	ds3
168048at7147	ds3
168094at7147	ds3
168098at7147	ds3
16822at7147	ds3
168291at7147	ds3
168384at7147	ds3
168393at7147	ds3
16873at7147	ds3
168971at7147	ds3
169203at7147	ds3
169351at7147	ds3
171662at7147	ds3
172362at7147	ds3
172545at7147	ds3
172608at7147	ds3
172797at7147	ds3
173146at7147	ds3
173539at7147	ds3
173828at7147	ds3
173922at7147	ds3
174772at7147	ds3
174920at7147	ds3
175249at7147	ds3
175325at7147	ds3
176312at7147	ds3
176599at7147	ds3
177450at7147	ds3
178219at7147	ds3
178266at7147	ds3
178536at7147	ds3
178820at7147	ds3
178990at7147	ds3
179363at7147	ds3
179461at7147	ds3
18006at7147	ds3
180262at7147	ds3
180842at7147	ds3
181020at7147	ds3
182092at7147	ds3
182777at7147	ds3
182927at7147	ds3
183177at7147	ds3
183298at7147	ds3
183493at7147	ds3
184186at7147	ds3
186042at7147	ds3
187010at7147	ds3
188824at7147	ds3
188966at7147	ds3
189185at7147	ds3
18923at7147	ds3
189871at7147	ds3
190806at7147	ds3
191233at7147	ds3
191479at7147	ds3
1914at7147	ds3
191822at7147	ds3
191851at7147	ds3
191941at7147	ds3
191981at7147	ds3
192402at7147	ds3
192411at7147	ds3
192573at7147	ds3
192665at7147	ds3
192881at7147	ds3
193196at7147	ds3
194345at7147	ds3
194600at7147	ds3
194811at7147	ds3
196431at7147	ds3
196881at7147	ds3
196989at7147	ds3
19746at7147	ds3
197548at7147	ds3
197783at7147	ds3
198148at7147	ds3
198415at7147	ds3
1984at7147	ds3
199717at7147	ds3
200445at7147	ds3
200486at7147	ds3
200534at7147	ds3
200550at7147	ds3
200668at7147	ds3
200880at7147	ds3
201478at7147	ds3
201766at7147	ds3
201825at7147	ds3
202451at7147	ds3
202479at7147	ds3
202692at7147	ds3
202954at7147	ds3
203057at7147	ds3
203671at7147	ds3
203903at7147	ds3
203937at7147	ds3
2041at7147	ds3
204218at7147	ds3
204348at7147	ds3
205199at7147	ds3
205395at7147	ds3
205575at7147	ds3
205708at7147	ds3
206125at7147	ds3
206399at7147	ds3
206669at7147	ds3
206872at7147	ds3
206995at7147	ds3
207122at7147	ds3
207348at7147	ds3
207465at7147	ds3
207803at7147	ds3
207846at7147	ds3
208522at7147	ds3
209603at7147	ds3
210106at7147	ds3
210564at7147	ds3
211486at7147	ds3
211769at7147	ds3
21190at7147	ds3
211944at7147	ds3
212446at7147	ds3
212769at7147	ds3
213045at7147	ds3
213406at7147	ds3
213540at7147	ds3
214894at7147	ds3
215373at7147	ds3
215518at7147	ds3
215847at7147	ds3
215874at7147	ds3
217495at7147	ds3
217997at7147	ds3
218193at7147	ds3
218373at7147	ds3
219671at7147	ds3
219991at7147	ds3
220058at7147	ds3
220289at7147	ds3
220551at7147	ds3
220877at7147	ds3
221865at7147	ds3
222421at7147	ds3
222906at7147	ds3
223263at7147	ds3
223865at7147	ds3
224146at7147	ds3
224411at7147	ds3
224872at7147	ds3
225082at7147	ds3
225812at7147	ds3
225861at7147	ds3
226519at7147	ds3
226750at7147	ds3
227440at7147	ds3
227465at7147	ds3
227680at7147	ds3
227814at7147	ds3
227886at7147	ds3
228058at7147	ds3
228725at7147	ds3
229026at7147	ds3
229132at7147	ds3
229432at7147	ds3
230093at7147	ds3
230100at7147	ds3
230420at7147	ds3
2304at7147	ds3
230730at7147	ds3
230735at7147	ds3
230928at7147	ds3
231005at7147	ds3
231038at7147	ds3
231059at7147	ds3
231185at7147	ds3
231846at7147	ds3
23190at7147	ds3
232669at7147	ds3
23278at7147	ds3
232966at7147	ds3
233135at7147	ds3
2332at7147	ds3
233337at7147	ds3
23365at7147	ds3
233694at7147	ds3
234740at7147	ds3
235193at7147	ds3
235326at7147	ds3
235351at7147	ds3
235431at7147	ds3
235602at7147	ds3
235673at7147	ds3
235960at7147	ds3
236451at7147	ds3
237199at7147	ds3
238006at7147	ds3
238389at7147	ds3
238635at7147	ds3
239201at7147	ds3
240204at7147	ds3
240412at7147	ds3
240430at7147	ds3
240445at7147	ds3
240448at7147	ds3
240652at7147	ds3
240798at7147	ds3
241416at7147	ds3
241656at7147	ds3
242339at7147	ds3
242811at7147	ds3
242925at7147	ds3
243117at7147	ds3
243513at7147	ds3
24411at7147	ds3
244396at7147	ds3
244473at7147	ds3
245279at7147	ds3
245844at7147	ds3
245898at7147	ds3
246425at7147	ds3
246773at7147	ds3
24690at7147	ds3
246946at7147	ds3
247353at7147	ds3
247416at7147	ds3
247421at7147	ds3
24767at7147	ds3
249592at7147	ds3
249654at7147	ds3
25034at7147	ds3
250929at7147	ds3
250930at7147	ds3
251255at7147	ds3
251776at7147	ds3
252361at7147	ds3
252544at7147	ds3
252971at7147	ds3
253148at7147	ds3
253255at7147	ds3
253768at7147	ds3
254294at7147	ds3
254384at7147	ds3
254635at7147	ds3
254729at7147	ds3
255232at7147	ds3
25587at7147	ds3
256773at7147	ds3
257205at7147	ds3
257387at7147	ds3
257513at7147	ds3
25769at7147	ds3
257716at7147	ds3
257724at7147	ds3
257837at7147	ds3
257854at7147	ds3
257907at7147	ds3
258363at7147	ds3
258962at7147	ds3
259057at7147	ds3
259745at7147	ds3
260425at7147	ds3
260600at7147	ds3
260788at7147	ds3
260837at7147	ds3
260978at7147	ds3
261416at7147	ds3
261520at7147	ds3
261824at7147	ds3
261900at7147	ds3
261987at7147	ds3
262164at7147	ds3
262736at7147	ds3
263209at7147	ds3
2635at7147	ds3
26382at7147	ds3
263976at7147	ds3
264083at7147	ds3
26413at7147	ds3
264404at7147	ds3
26452at7147	ds3
264617at7147	ds3
26486at7147	ds3
265189at7147	ds3
265202at7147	ds3
265407at7147	ds3
266157at7147	ds3
266159at7147	ds3
266537at7147	ds3
266611at7147	ds3
267242at7147	ds3
267663at7147	ds3
268359at7147	ds3
268384at7147	ds3
268554at7147	ds3
268929at7147	ds3
269141at7147	ds3
269533at7147	ds3
269745at7147	ds3
2697at7147	ds3
269897at7147	ds3
269959at7147	ds3
270382at7147	ds3
270657at7147	ds3
27072at7147	ds3
270859at7147	ds3
271359at7147	ds3
271424at7147	ds3
271478at7147	ds3
27217at7147	ds3
272339at7147	ds3
272414at7147	ds3
27268at7147	ds3
2727at7147	ds3
274415at7147	ds3
274432at7147	ds3
275730at7147	ds3
275849at7147	ds3
275895at7147	ds3
275948at7147	ds3
276040at7147	ds3
276213at7147	ds3
276315at7147	ds3
276759at7147	ds3
277982at7147	ds3
278025at7147	ds3
278117at7147	ds3
278577at7147	ds3
278660at7147	ds3
279184at7147	ds3
279432at7147	ds3
279591at7147	ds3
279885at7147	ds3
280052at7147	ds3
280062at7147	ds3
280885at7147	ds3
281121at7147	ds3
281298at7147	ds3
281723at7147	ds3
282303at7147	ds3
282449at7147	ds3
283239at7147	ds3
283834at7147	ds3
284136at7147	ds3
284347at7147	ds3
284372at7147	ds3
285523at7147	ds3
286165at7147	ds3
286673at7147	ds3
286690at7147	ds3
286906at7147	ds3
287222at7147	ds3
287354at7147	ds3
287408at7147	ds3
2881at7147	ds3
288954at7147	ds3
289085at7147	ds3
289242at7147	ds3
28937at7147	ds3
290143at7147	ds3
290299at7147	ds3
290444at7147	ds3
290525at7147	ds3
290691at7147	ds3
290958at7147	ds3
290986at7147	ds3
291384at7147	ds3
292553at7147	ds3
292726at7147	ds3
293473at7147	ds3
293805at7147	ds3
294184at7147	ds3
294471at7147	ds3
294623at7147	ds3
295134at7147	ds3
295139at7147	ds3
295160at7147	ds3
295694at7147	ds3
29601at7147	ds3
296706at7147	ds3
297491at7147	ds3
297503at7147	ds3
297732at7147	ds3
297739at7147	ds3
297775at7147	ds3
297900at7147	ds3
297964at7147	ds3
298052at7147	ds3
299616at7147	ds3
29993at7147	ds3
299971at7147	ds3
300243at7147	ds3
300375at7147	ds3
300838at7147	ds3
301098at7147	ds3
30121at7147	ds3
301539at7147	ds3
301586at7147	ds3
301697at7147	ds3
301800at7147	ds3
302118at7147	ds3
302156at7147	ds3
302362at7147	ds3
302392at7147	ds3
302560at7147	ds3
304636at7147	ds3
305080at7147	ds3
305169at7147	ds3
305990at7147	ds3
306015at7147	ds3
306279at7147	ds3
306693at7147	ds3
306812at7147	ds3
308330at7147	ds3
308534at7147	ds3
308691at7147	ds3
308713at7147	ds3
309117at7147	ds3
309142at7147	ds3
309380at7147	ds3
310180at7147	ds3
310315at7147	ds3
310363at7147	ds3
310552at7147	ds3
310592at7147	ds3
311066at7147	ds3
311102at7147	ds3
311315at7147	ds3
311392at7147	ds3
312089at7147	ds3
312584at7147	ds3
312646at7147	ds3
313016at7147	ds3
313017at7147	ds3
313141at7147	ds3
313158at7147	ds3
313430at7147	ds3
313690at7147	ds3
313720at7147	ds3
313821at7147	ds3
314202at7147	ds3
314920at7147	ds3
314998at7147	ds3
315138at7147	ds3
315304at7147	ds3
315365at7147	ds3
315460at7147	ds3
315468at7147	ds3
315858at7147	ds3
316175at7147	ds3
316860at7147	ds3
316900at7147	ds3
317059at7147	ds3
317194at7147	ds3
317550at7147	ds3
318146at7147	ds3
319234at7147	ds3
320147at7147	ds3
320655at7147	ds3
320658at7147	ds3
321070at7147	ds3
321224at7147	ds3
321465at7147	ds3
322025at7147	ds3
322611at7147	ds3
322865at7147	ds3
323400at7147	ds3
32370at7147	ds3
323919at7147	ds3
324790at7147	ds3
325193at7147	ds3
325919at7147	ds3
326071at7147	ds3
32626at7147	ds3
326721at7147	ds3
327274at7147	ds3
328594at7147	ds3
328787at7147	ds3
329105at7147	ds3
329586at7147	ds3
329721at7147	ds3
329987at7147	ds3
330435at7147	ds3
33085at7147	ds3
331204at7147	ds3
331266at7147	ds3
331518at7147	ds3
331691at7147	ds3
331818at7147	ds3
331960at7147	ds3
332050at7147	ds3
332841at7147	ds3
332963at7147	ds3
3333at7147	ds3
333462at7147	ds3
333985at7147	ds3
334042at7147	ds3
334495at7147	ds3
336421at7147	ds3
336431at7147	ds3
338004at7147	ds3
338219at7147	ds3
338571at7147	ds3
342494at7147	ds3
342549at7147	ds3
343220at7147	ds3
343418at7147	ds3
343707at7147	ds3
343818at7147	ds3
34542at7147	ds3
345440at7147	ds3
34735at7147	ds3
34764at7147	ds3
348620at7147	ds3
348910at7147	ds3
34946at7147	ds3
34985at7147	ds3
350084at7147	ds3
350442at7147	ds3
350615at7147	ds3
350773at7147	ds3
35156at7147	ds3
351734at7147	ds3
351922at7147	ds3
352487at7147	ds3
352873at7147	ds3
35404at7147	ds3
355156at7147	ds3
356064at7147	ds3
36740at7147	ds3
36899at7147	ds3
36930at7147	ds3
37058at7147	ds3
37496at7147	ds3
37882at7147	ds3
3788at7147	ds3
3828at7147	ds3
38461at7147	ds3
3874at7147	ds3
39681at7147	ds3
39784at7147	ds3
40476at7147	ds3
40508at7147	ds3
41576at7147	ds3
42320at7147	ds3
43439at7147	ds3
4353at7147	ds3
44085at7147	ds3
44134at7147	ds3
44423at7147	ds3
44563at7147	ds3
4470at7147	ds3
452at7147	ds3
45557at7147	ds3
45643at7147	ds3
45696at7147	ds3
45762at7147	ds3
45853at7147	ds3
46187at7147	ds3
46304at7147	ds3
46348at7147	ds3
47852at7147	ds3
48185at7147	ds3
4829at7147	ds3
48504at7147	ds3
49837at7147	ds3
50930at7147	ds3
540at7147	ds3
54668at7147	ds3
54689at7147	ds3
54771at7147	ds3
54773at7147	ds3
54790at7147	ds3
54805at7147	ds3
54856at7147	ds3
54933at7147	ds3
55040at7147	ds3
55085at7147	ds3
55124at7147	ds3
55277at7147	ds3
55349at7147	ds3
55471at7147	ds3
55494at7147	ds3
55562at7147	ds3
55620at7147	ds3
55771at7147	ds3
55870at7147	ds3
55939at7147	ds3
55986at7147	ds3
56026at7147	ds3
56033at7147	ds3
56034at7147	ds3
56067at7147	ds3
56102at7147	ds3
56193at7147	ds3
56266at7147	ds3
56384at7147	ds3
56466at7147	ds3
56561at7147	ds3
56566at7147	ds3
56636at7147	ds3
56708at7147	ds3
56871at7147	ds3
57057at7147	ds3
57097at7147	ds3
57127at7147	ds3
57150at7147	ds3
57204at7147	ds3
57255at7147	ds3
57383at7147	ds3
57441at7147	ds3
5768at7147	ds3
57737at7147	ds3
5780at7147	ds3
57816at7147	ds3
57917at7147	ds3
57939at7147	ds3
58061at7147	ds3
58069at7147	ds3
58205at7147	ds3
58647at7147	ds3
58664at7147	ds3
58804at7147	ds3
58829at7147	ds3
59009at7147	ds3
59288at7147	ds3
59378at7147	ds3
59473at7147	ds3
59954at7147	ds3
60031at7147	ds3
60048at7147	ds3
60066at7147	ds3
60133at7147	ds3
60242at7147	ds3
60375at7147	ds3
60412at7147	ds3
60563at7147	ds3
60603at7147	ds3
60628at7147	ds3
60771at7147	ds3
60815at7147	ds3
60819at7147	ds3
60849at7147	ds3
60935at7147	ds3
60994at7147	ds3
61143at7147	ds3
61249at7147	ds3
61498at7147	ds3
61562at7147	ds3
61808at7147	ds3
61817at7147	ds3
61844at7147	ds3
61894at7147	ds3
61922at7147	ds3
61968at7147	ds3
62130at7147	ds3
62213at7147	ds3
62295at7147	ds3
62349at7147	ds3
62350at7147	ds3
62417at7147	ds3
62503at7147	ds3
62529at7147	ds3
62631at7147	ds3
62682at7147	ds3
62792at7147	ds3
62818at7147	ds3
62969at7147	ds3
62991at7147	ds3
63229at7147	ds3
63235at7147	ds3
63287at7147	ds3
63303at7147	ds3
63323at7147	ds3
63508at7147	ds3
63515at7147	ds3
63541at7147	ds3
63583at7147	ds3
63635at7147	ds3
63691at7147	ds3
63748at7147	ds3
63808at7147	ds3
63826at7147	ds3
63923at7147	ds3
63940at7147	ds3
64192at7147	ds3
64516at7147	ds3
64630at7147	ds3
64947at7147	ds3
65003at7147	ds3
65012at7147	ds3
65195at7147	ds3
65343at7147	ds3
65369at7147	ds3
65503at7147	ds3
65571at7147	ds3
65657at7147	ds3
65711at7147	ds3
65766at7147	ds3
65808at7147	ds3
65866at7147	ds3
65934at7147	ds3
65956at7147	ds3
65973at7147	ds3
66070at7147	ds3
66108at7147	ds3
66139at7147	ds3
66177at7147	ds3
66209at7147	ds3
66213at7147	ds3
66225at7147	ds3
66230at7147	ds3
66247at7147	ds3
66326at7147	ds3
66330at7147	ds3
66525at7147	ds3
66557at7147	ds3
66610at7147	ds3
66632at7147	ds3
66640at7147	ds3
66704at7147	ds3
66707at7147	ds3
66740at7147	ds3
66761at7147	ds3
66787at7147	ds3
66795at7147	ds3
66810at7147	ds3
66929at7147	ds3
66948at7147	ds3
66998at7147	ds3
67133at7147	ds3
6718at7147	ds3
67224at7147	ds3
67233at7147	ds3
67239at7147	ds3
67287at7147	ds3
67423at7147	ds3
67469at7147	ds3
67489at7147	ds3
67520at7147	ds3
67523at7147	ds3
67592at7147	ds3
67705at7147	ds3
67909at7147	ds3
68020at7147	ds3
68207at7147	ds3
68209at7147	ds3
68211at7147	ds3
68228at7147	ds3
68266at7147	ds3
68292at7147	ds3
68421at7147	ds3
68422at7147	ds3
68571at7147	ds3
68596at7147	ds3
68784at7147	ds3
68865at7147	ds3
69011at7147	ds3
69060at7147	ds3
69184at7147	ds3
69547at7147	ds3
69554at7147	ds3
69582at7147	ds3
69590at7147	ds3
69608at7147	ds3
69712at7147	ds3
69759at7147	ds3
69769at7147	ds3
69898at7147	ds3
69951at7147	ds3
69972at7147	ds3
70013at7147	ds3
70108at7147	ds3
70113at7147	ds3
70430at7147	ds3
70523at7147	ds3
70607at7147	ds3
70645at7147	ds3
70729at7147	ds3
70861at7147	ds3
70996at7147	ds3
71179at7147	ds3
71324at7147	ds3
71503at7147	ds3
71581at7147	ds3
71583at7147	ds3
71640at7147	ds3
71816at7147	ds3
71839at7147	ds3
72039at7147	ds3
72083at7147	ds3
72252at7147	ds3
72460at7147	ds3
72688at7147	ds3
72700at7147	ds3
72723at7147	ds3
72727at7147	ds3
72909at7147	ds3
72972at7147	ds3
73047at7147	ds3
73088at7147	ds3
73113at7147	ds3
73317at7147	ds3
73346at7147	ds3
73360at7147	ds3
73379at7147	ds3
73429at7147	ds3
73435at7147	ds3
73491at7147	ds3
73517at7147	ds3
73663at7147	ds3
73692at7147	ds3
73704at7147	ds3
73709at7147	ds3
73713at7147	ds3
73771at7147	ds3
73847at7147	ds3
73869at7147	ds3
73888at7147	ds3
73893at7147	ds3
73913at7147	ds3
74076at7147	ds3
74100at7147	ds3
74268at7147	ds3
74388at7147	ds3
74390at7147	ds3
74406at7147	ds3
74464at7147	ds3
74477at7147	ds3
74620at7147	ds3
74673at7147	ds3
74677at7147	ds3
74769at7147	ds3
74907at7147	ds3
74942at7147	ds3
74995at7147	ds3
75011at7147	ds3
75174at7147	ds3
75282at7147	ds3
75308at7147	ds3
75386at7147	ds3
75497at7147	ds3
75919at7147	ds3
75970at7147	ds3
76025at7147	ds3
76158at7147	ds3
76164at7147	ds3
76203at7147	ds3
76205at7147	ds3
76235at7147	ds3
76319at7147	ds3
76327at7147	ds3
76347at7147	ds3
76361at7147	ds3
76375at7147	ds3
76416at7147	ds3
76547at7147	ds3
76553at7147	ds3
76635at7147	ds3
76767at7147	ds3
76836at7147	ds3
76913at7147	ds3
76919at7147	ds3
77025at7147	ds3
77182at7147	ds3
77185at7147	ds3
77199at7147	ds3
77231at7147	ds3
77242at7147	ds3
7798at7147	ds3
8365at7147	ds3
87700at7147	ds3
8933at7147	ds3
90783at7147	ds3
9125at7147	ds3
9394at7147	ds3
962at7147	ds3
96920at7147	ds3
98278at7147	ds3
98857at7147	ds3
9938at7147	ds3
99488at7147	ds3
100497at7147	ds4
1004at7147	ds4
100567at7147	ds4
10198at7147	ds4
102356at7147	ds4
103170at7147	ds4
10443at7147	ds4
105213at7147	ds4
105665at7147	ds4
107173at7147	ds4
10821at7147	ds4
113155at7147	ds4
1142at7147	ds4
121971at7147	ds4
122812at7147	ds4
12283at7147	ds4
125860at7147	ds4
126196at7147	ds4
13052at7147	ds4
133148at7147	ds4
134214at7147	ds4
135807at7147	ds4
137178at7147	ds4
14054at7147	ds4
143579at7147	ds4
14368at7147	ds4
14376at7147	ds4
143890at7147	ds4
143893at7147	ds4
144236at7147	ds4
145710at7147	ds4
14706at7147	ds4
150963at7147	ds4
151105at7147	ds4
152075at7147	ds4
152457at7147	ds4
15336at7147	ds4
154221at7147	ds4
154325at7147	ds4
154893at7147	ds4
15597at7147	ds4
157102at7147	ds4
157896at7147	ds4
157964at7147	ds4
15956at7147	ds4
161838at7147	ds4
162010at7147	ds4
162907at7147	ds4
163225at7147	ds4
163251at7147	ds4
163275at7147	ds4
163408at7147	ds4
163506at7147	ds4
163566at7147	ds4
163621at7147	ds4
163635at7147	ds4
163725at7147	ds4
163957at7147	ds4
164702at7147	ds4
164929at7147	ds4
165004at7147	ds4
165032at7147	ds4
165142at7147	ds4
165238at7147	ds4
165929at7147	ds4
165956at7147	ds4
166496at7147	ds4
166740at7147	ds4
166761at7147	ds4
166881at7147	ds4
167011at7147	ds4
167257at7147	ds4
167285at7147	ds4
167382at7147	ds4
167517at7147	ds4
167630at7147	ds4
167826at7147	ds4
167892at7147	ds4
167970at7147	ds4
168077at7147	ds4
168081at7147	ds4
168086at7147	ds4
168424at7147	ds4
168583at7147	ds4
168613at7147	ds4
168749at7147	ds4
168806at7147	ds4
168829at7147	ds4
168990at7147	ds4
169134at7147	ds4
169217at7147	ds4
171548at7147	ds4
172179at7147	ds4
172610at7147	ds4
172656at7147	ds4
172688at7147	ds4
173526at7147	ds4
173527at7147	ds4
17402at7147	ds4
174348at7147	ds4
174700at7147	ds4
175715at7147	ds4
175731at7147	ds4
175870at7147	ds4
175942at7147	ds4
176148at7147	ds4
176314at7147	ds4
176414at7147	ds4
176436at7147	ds4
176480at7147	ds4
176583at7147	ds4
176618at7147	ds4
176674at7147	ds4
177018at7147	ds4
177041at7147	ds4
177507at7147	ds4
177735at7147	ds4
177818at7147	ds4
17796at7147	ds4
178207at7147	ds4
178353at7147	ds4
178822at7147	ds4
179198at7147	ds4
179778at7147	ds4
179870at7147	ds4
180254at7147	ds4
180257at7147	ds4
18028at7147	ds4
180476at7147	ds4
18072at7147	ds4
180813at7147	ds4
181433at7147	ds4
181624at7147	ds4
182448at7147	ds4
182746at7147	ds4
183133at7147	ds4
183135at7147	ds4
184229at7147	ds4
184445at7147	ds4
184965at7147	ds4
185471at7147	ds4
185832at7147	ds4
185954at7147	ds4
186069at7147	ds4
186856at7147	ds4
187437at7147	ds4
187585at7147	ds4
187777at7147	ds4
187864at7147	ds4
190060at7147	ds4
190150at7147	ds4
190309at7147	ds4
191072at7147	ds4
191396at7147	ds4
191968at7147	ds4
192144at7147	ds4
193386at7147	ds4
193949at7147	ds4
194212at7147	ds4
194287at7147	ds4
195384at7147	ds4
196109at7147	ds4
196501at7147	ds4
196974at7147	ds4
197174at7147	ds4
19729at7147	ds4
197411at7147	ds4
19750at7147	ds4
197569at7147	ds4
197691at7147	ds4
197958at7147	ds4
198230at7147	ds4
199473at7147	ds4
199997at7147	ds4
200996at7147	ds4
201121at7147	ds4
20189at7147	ds4
201937at7147	ds4
202222at7147	ds4
202522at7147	ds4
202525at7147	ds4
20309at7147	ds4
203345at7147	ds4
203444at7147	ds4
203576at7147	ds4
203695at7147	ds4
203733at7147	ds4
204245at7147	ds4
204443at7147	ds4
204530at7147	ds4
204542at7147	ds4
204566at7147	ds4
205559at7147	ds4
205813at7147	ds4
20583at7147	ds4
206281at7147	ds4
206372at7147	ds4
20674at7147	ds4
2067at7147	ds4
207078at7147	ds4
209312at7147	ds4
209924at7147	ds4
209963at7147	ds4
210193at7147	ds4
211390at7147	ds4
211833at7147	ds4
212046at7147	ds4
212066at7147	ds4
212660at7147	ds4
212670at7147	ds4
213523at7147	ds4
213774at7147	ds4
213839at7147	ds4
214371at7147	ds4
214620at7147	ds4
214644at7147	ds4
214968at7147	ds4
21503at7147	ds4
215117at7147	ds4
215452at7147	ds4
21581at7147	ds4
215856at7147	ds4
21605at7147	ds4
217194at7147	ds4
217553at7147	ds4
217586at7147	ds4
217739at7147	ds4
217749at7147	ds4
218025at7147	ds4
218216at7147	ds4
218662at7147	ds4
219089at7147	ds4
21918at7147	ds4
219217at7147	ds4
21939at7147	ds4
219502at7147	ds4
219709at7147	ds4
22024at7147	ds4
220544at7147	ds4
22088at7147	ds4
221120at7147	ds4
221767at7147	ds4
221772at7147	ds4
222038at7147	ds4
222228at7147	ds4
223792at7147	ds4
223939at7147	ds4
224130at7147	ds4
224781at7147	ds4
224801at7147	ds4
225239at7147	ds4
225425at7147	ds4
226105at7147	ds4
226864at7147	ds4
22719at7147	ds4
227410at7147	ds4
227899at7147	ds4
229091at7147	ds4
229817at7147	ds4
230190at7147	ds4
230416at7147	ds4
2306at7147	ds4
230721at7147	ds4
231500at7147	ds4
231519at7147	ds4
231889at7147	ds4
231937at7147	ds4
232174at7147	ds4
232297at7147	ds4
232366at7147	ds4
233263at7147	ds4
233474at7147	ds4
233903at7147	ds4
2339at7147	ds4
234666at7147	ds4
234677at7147	ds4
234994at7147	ds4
235403at7147	ds4
235410at7147	ds4
235435at7147	ds4
235656at7147	ds4
235988at7147	ds4
236052at7147	ds4
236124at7147	ds4
236125at7147	ds4
236334at7147	ds4
236591at7147	ds4
237068at7147	ds4
237178at7147	ds4
237217at7147	ds4
237768at7147	ds4
237829at7147	ds4
238303at7147	ds4
238331at7147	ds4
238345at7147	ds4
239086at7147	ds4
239763at7147	ds4
239790at7147	ds4
239878at7147	ds4
239932at7147	ds4
240343at7147	ds4
240382at7147	ds4
240602at7147	ds4
241109at7147	ds4
241605at7147	ds4
241783at7147	ds4
241789at7147	ds4
241856at7147	ds4
242116at7147	ds4
242120at7147	ds4
242359at7147	ds4
242397at7147	ds4
242564at7147	ds4
243046at7147	ds4
243122at7147	ds4
243289at7147	ds4
243486at7147	ds4
243722at7147	ds4
243843at7147	ds4
243992at7147	ds4
244394at7147	ds4
24444at7147	ds4
244585at7147	ds4
244913at7147	ds4
245415at7147	ds4
245428at7147	ds4
246004at7147	ds4
246293at7147	ds4
246384at7147	ds4
246460at7147	ds4
246807at7147	ds4
247122at7147	ds4
247149at7147	ds4
247288at7147	ds4
247614at7147	ds4
248528at7147	ds4
248755at7147	ds4
249036at7147	ds4
249262at7147	ds4
249446at7147	ds4
249582at7147	ds4
249677at7147	ds4
24982at7147	ds4
250167at7147	ds4
250348at7147	ds4
250539at7147	ds4
250728at7147	ds4
251004at7147	ds4
251252at7147	ds4
251353at7147	ds4
251467at7147	ds4
251908at7147	ds4
252301at7147	ds4
252660at7147	ds4
252793at7147	ds4
252968at7147	ds4
253065at7147	ds4
253354at7147	ds4
253421at7147	ds4
253584at7147	ds4
253719at7147	ds4
253807at7147	ds4
254077at7147	ds4
254236at7147	ds4
254866at7147	ds4
255500at7147	ds4
255800at7147	ds4
255951at7147	ds4
256046at7147	ds4
256359at7147	ds4
257034at7147	ds4
257149at7147	ds4
258008at7147	ds4
258230at7147	ds4
258940at7147	ds4
259017at7147	ds4
259411at7147	ds4
259431at7147	ds4
259800at7147	ds4
260031at7147	ds4
260456at7147	ds4
260498at7147	ds4
260974at7147	ds4
26206at7147	ds4
262641at7147	ds4
262788at7147	ds4
262916at7147	ds4
263692at7147	ds4
263812at7147	ds4
263840at7147	ds4
264069at7147	ds4
264428at7147	ds4
264702at7147	ds4
264845at7147	ds4
264861at7147	ds4
264989at7147	ds4
265145at7147	ds4
265148at7147	ds4
265490at7147	ds4
265827at7147	ds4
266202at7147	ds4
267049at7147	ds4
267265at7147	ds4
267330at7147	ds4
267590at7147	ds4
267735at7147	ds4
268789at7147	ds4
269169at7147	ds4
269320at7147	ds4
269444at7147	ds4
269538at7147	ds4
270804at7147	ds4
271012at7147	ds4
271219at7147	ds4
271333at7147	ds4
271541at7147	ds4
271895at7147	ds4
273538at7147	ds4
273875at7147	ds4
273898at7147	ds4
274103at7147	ds4
274176at7147	ds4
274897at7147	ds4
27507at7147	ds4
27513at7147	ds4
276150at7147	ds4
276321at7147	ds4
277262at7147	ds4
277386at7147	ds4
277684at7147	ds4
277736at7147	ds4
278990at7147	ds4
27970at7147	ds4
279956at7147	ds4
280039at7147	ds4
280454at7147	ds4
280947at7147	ds4
281134at7147	ds4
281152at7147	ds4
281157at7147	ds4
281190at7147	ds4
281385at7147	ds4
282539at7147	ds4
282957at7147	ds4
283259at7147	ds4
283360at7147	ds4
283551at7147	ds4
283667at7147	ds4
283726at7147	ds4
283995at7147	ds4
284186at7147	ds4
284618at7147	ds4
284at7147	ds4
285173at7147	ds4
285439at7147	ds4
285918at7147	ds4
285941at7147	ds4
285973at7147	ds4
28615at7147	ds4
286175at7147	ds4
286884at7147	ds4
287026at7147	ds4
287604at7147	ds4
288139at7147	ds4
288308at7147	ds4
289197at7147	ds4
289817at7147	ds4
2904at7147	ds4
290654at7147	ds4
290784at7147	ds4
2908at7147	ds4
291313at7147	ds4
291500at7147	ds4
292205at7147	ds4
292349at7147	ds4
292709at7147	ds4
292746at7147	ds4
293157at7147	ds4
293181at7147	ds4
293374at7147	ds4
293502at7147	ds4
29361at7147	ds4
294261at7147	ds4
294625at7147	ds4
294678at7147	ds4
294747at7147	ds4
295098at7147	ds4
29583at7147	ds4
295911at7147	ds4
296394at7147	ds4
29659at7147	ds4
296681at7147	ds4
296856at7147	ds4
297283at7147	ds4
297671at7147	ds4
297825at7147	ds4
297885at7147	ds4
297946at7147	ds4
299296at7147	ds4
299630at7147	ds4
299690at7147	ds4
299862at7147	ds4
300528at7147	ds4
300918at7147	ds4
301738at7147	ds4
301812at7147	ds4
301911at7147	ds4
302762at7147	ds4
303019at7147	ds4
303297at7147	ds4
303404at7147	ds4
303659at7147	ds4
304215at7147	ds4
304228at7147	ds4
304895at7147	ds4
305135at7147	ds4
305196at7147	ds4
305466at7147	ds4
305652at7147	ds4
306096at7147	ds4
306523at7147	ds4
306531at7147	ds4
306719at7147	ds4
307135at7147	ds4
307172at7147	ds4
307283at7147	ds4
307989at7147	ds4
308577at7147	ds4
309384at7147	ds4
309819at7147	ds4
309944at7147	ds4
310143at7147	ds4
310734at7147	ds4
311243at7147	ds4
312587at7147	ds4
312781at7147	ds4
313187at7147	ds4
315708at7147	ds4
316390at7147	ds4
316570at7147	ds4
316818at7147	ds4
316862at7147	ds4
317464at7147	ds4
317481at7147	ds4
317570at7147	ds4
317831at7147	ds4
318245at7147	ds4
318454at7147	ds4
318596at7147	ds4
318996at7147	ds4
319031at7147	ds4
319751at7147	ds4
321152at7147	ds4
322306at7147	ds4
322591at7147	ds4
32273at7147	ds4
323574at7147	ds4
323798at7147	ds4
32472at7147	ds4
32490at7147	ds4
325652at7147	ds4
325730at7147	ds4
325959at7147	ds4
327028at7147	ds4
327786at7147	ds4
327836at7147	ds4
3282at7147	ds4
328374at7147	ds4
32838at7147	ds4
328432at7147	ds4
328868at7147	ds4
328966at7147	ds4
329149at7147	ds4
329352at7147	ds4
330235at7147	ds4
330890at7147	ds4
330891at7147	ds4
330973at7147	ds4
331213at7147	ds4
331320at7147	ds4
331586at7147	ds4
331757at7147	ds4
332264at7147	ds4
33297at7147	ds4
333331at7147	ds4
334123at7147	ds4
334285at7147	ds4
334639at7147	ds4
334735at7147	ds4
335282at7147	ds4
335848at7147	ds4
33600at7147	ds4
337071at7147	ds4
337635at7147	ds4
337722at7147	ds4
337796at7147	ds4
338061at7147	ds4
338132at7147	ds4
338944at7147	ds4
33932at7147	ds4
339407at7147	ds4
339797at7147	ds4
340173at7147	ds4
340566at7147	ds4
340578at7147	ds4
340811at7147	ds4
34084at7147	ds4
340913at7147	ds4
3410at7147	ds4
34193at7147	ds4
343484at7147	ds4
343796at7147	ds4
343958at7147	ds4
344170at7147	ds4
345197at7147	ds4
345771at7147	ds4
345946at7147	ds4
346045at7147	ds4
346119at7147	ds4
347327at7147	ds4
348693at7147	ds4
34900at7147	ds4
349071at7147	ds4
34908at7147	ds4
354891at7147	ds4
35501at7147	ds4
355590at7147	ds4
355884at7147	ds4
355935at7147	ds4
35706at7147	ds4
35774at7147	ds4
3577at7147	ds4
37084at7147	ds4
37172at7147	ds4
37445at7147	ds4
37633at7147	ds4
37774at7147	ds4
38429at7147	ds4
38629at7147	ds4
39872at7147	ds4
4069at7147	ds4
4095at7147	ds4
4211at7147	ds4
42323at7147	ds4
42351at7147	ds4
42409at7147	ds4
42951at7147	ds4
4421at7147	ds4
44237at7147	ds4
44328at7147	ds4
44463at7147	ds4
445at7147	ds4
44945at7147	ds4
45914at7147	ds4
46493at7147	ds4
46656at7147	ds4
46907at7147	ds4
47419at7147	ds4
47598at7147	ds4
47783at7147	ds4
48408at7147	ds4
48981at7147	ds4
49043at7147	ds4
49217at7147	ds4
49577at7147	ds4
49793at7147	ds4
50446at7147	ds4
50487at7147	ds4
50619at7147	ds4
511at7147	ds4
54533at7147	ds4
54546at7147	ds4
54600at7147	ds4
54702at7147	ds4
54880at7147	ds4
54905at7147	ds4
54941at7147	ds4
54994at7147	ds4
55135at7147	ds4
55157at7147	ds4
55221at7147	ds4
55227at7147	ds4
55348at7147	ds4
55446at7147	ds4
55520at7147	ds4
55690at7147	ds4
56046at7147	ds4
56132at7147	ds4
56218at7147	ds4
56300at7147	ds4
56458at7147	ds4
56485at7147	ds4
56488at7147	ds4
56521at7147	ds4
56533at7147	ds4
56536at7147	ds4
56580at7147	ds4
56611at7147	ds4
56673at7147	ds4
56864at7147	ds4
57004at7147	ds4
57040at7147	ds4
57059at7147	ds4
57083at7147	ds4
57264at7147	ds4
57289at7147	ds4
57304at7147	ds4
57446at7147	ds4
57452at7147	ds4
57453at7147	ds4
57531at7147	ds4
57561at7147	ds4
57855at7147	ds4
57924at7147	ds4
58041at7147	ds4
58118at7147	ds4
58209at7147	ds4
58228at7147	ds4
58229at7147	ds4
58276at7147	ds4
58372at7147	ds4
58385at7147	ds4
58401at7147	ds4
58433at7147	ds4
58562at7147	ds4
58613at7147	ds4
58897at7147	ds4
58968at7147	ds4
59095at7147	ds4
59290at7147	ds4
59353at7147	ds4
59427at7147	ds4
59638at7147	ds4
59641at7147	ds4
59971at7147	ds4
60086at7147	ds4
60158at7147	ds4
60183at7147	ds4
60331at7147	ds4
60394at7147	ds4
60410at7147	ds4
60416at7147	ds4
60554at7147	ds4
60611at7147	ds4
60650at7147	ds4
60759at7147	ds4
61054at7147	ds4
61202at7147	ds4
6130at7147	ds4
61375at7147	ds4
61379at7147	ds4
61391at7147	ds4
61443at7147	ds4
61444at7147	ds4
61602at7147	ds4
61663at7147	ds4
61699at7147	ds4
61709at7147	ds4
61788at7147	ds4
61874at7147	ds4
62055at7147	ds4
62107at7147	ds4
62123at7147	ds4
62191at7147	ds4
62423at7147	ds4
62482at7147	ds4
62560at7147	ds4
6256at7147	ds4
62676at7147	ds4
62696at7147	ds4
62725at7147	ds4
62737at7147	ds4
62751at7147	ds4
62767at7147	ds4
62838at7147	ds4
63074at7147	ds4
63216at7147	ds4
63274at7147	ds4
63321at7147	ds4
63370at7147	ds4
63462at7147	ds4
63658at7147	ds4
63677at7147	ds4
63704at7147	ds4
63722at7147	ds4
63723at7147	ds4
63836at7147	ds4
63890at7147	ds4
63921at7147	ds4
63928at7147	ds4
64014at7147	ds4
64043at7147	ds4
64129at7147	ds4
64323at7147	ds4
64379at7147	ds4
64503at7147	ds4
64707at7147	ds4
64717at7147	ds4
64809at7147	ds4
64850at7147	ds4
64935at7147	ds4
65008at7147	ds4
65157at7147	ds4
65184at7147	ds4
65291at7147	ds4
65377at7147	ds4
65476at7147	ds4
65478at7147	ds4
65550at7147	ds4
65727at7147	ds4
65894at7147	ds4
65990at7147	ds4
66030at7147	ds4
66044at7147	ds4
66302at7147	ds4
66402at7147	ds4
66491at7147	ds4
66515at7147	ds4
66519at7147	ds4
66523at7147	ds4
66719at7147	ds4
66722at7147	ds4
66744at7147	ds4
66893at7147	ds4
66992at7147	ds4
67093at7147	ds4
67112at7147	ds4
67176at7147	ds4
67359at7147	ds4
67366at7147	ds4
6736at7147	ds4
67498at7147	ds4
67559at7147	ds4
67785at7147	ds4
67858at7147	ds4
67875at7147	ds4
67899at7147	ds4
68008at7147	ds4
68061at7147	ds4
68192at7147	ds4
68238at7147	ds4
68270at7147	ds4
68278at7147	ds4
68624at7147	ds4
68717at7147	ds4
68886at7147	ds4
68972at7147	ds4
69007at7147	ds4
69053at7147	ds4
69132at7147	ds4
69149at7147	ds4
69166at7147	ds4
69191at7147	ds4
69265at7147	ds4
69326at7147	ds4
69384at7147	ds4
69480at7147	ds4
69502at7147	ds4
69560at7147	ds4
69674at7147	ds4
69744at7147	ds4
69950at7147	ds4
70035at7147	ds4
70107at7147	ds4
70109at7147	ds4
70188at7147	ds4
70258at7147	ds4
70347at7147	ds4
70395at7147	ds4
70418at7147	ds4
70553at7147	ds4
70744at7147	ds4
70776at7147	ds4
70841at7147	ds4
70846at7147	ds4
70882at7147	ds4
70886at7147	ds4
70912at7147	ds4
70937at7147	ds4
70943at7147	ds4
71048at7147	ds4
71081at7147	ds4
71088at7147	ds4
71118at7147	ds4
71217at7147	ds4
71229at7147	ds4
71402at7147	ds4
71635at7147	ds4
71675at7147	ds4
71696at7147	ds4
71970at7147	ds4
71992at7147	ds4
72034at7147	ds4
72059at7147	ds4
72226at7147	ds4
72228at7147	ds4
72235at7147	ds4
72244at7147	ds4
72282at7147	ds4
72338at7147	ds4
72423at7147	ds4
72437at7147	ds4
72447at7147	ds4
72465at7147	ds4
72527at7147	ds4
72669at7147	ds4
73077at7147	ds4
73094at7147	ds4
73200at7147	ds4
7326at7147	ds4
73281at7147	ds4
73409at7147	ds4
73512at7147	ds4
73625at7147	ds4
73632at7147	ds4
73681at7147	ds4
73701at7147	ds4
73731at7147	ds4
73781at7147	ds4
73909at7147	ds4
73993at7147	ds4
74012at7147	ds4
74055at7147	ds4
74200at7147	ds4
74259at7147	ds4
74295at7147	ds4
74476at7147	ds4
74708at7147	ds4
7470at7147	ds4
74717at7147	ds4
74832at7147	ds4
74840at7147	ds4
74895at7147	ds4
75038at7147	ds4
75137at7147	ds4
75166at7147	ds4
75263at7147	ds4
75286at7147	ds4
75288at7147	ds4
75302at7147	ds4
75433at7147	ds4
75442at7147	ds4
75455at7147	ds4
75513at7147	ds4
75570at7147	ds4
75673at7147	ds4
75679at7147	ds4
75697at7147	ds4
75710at7147	ds4
75933at7147	ds4
75936at7147	ds4
75999at7147	ds4
76014at7147	ds4
76044at7147	ds4
76265at7147	ds4
76399at7147	ds4
76880at7147	ds4
76904at7147	ds4
76920at7147	ds4
76970at7147	ds4
76995at7147	ds4
77043at7147	ds4
77047at7147	ds4
77075at7147	ds4
77086at7147	ds4
7764at7147	ds4
841at7147	ds4
87043at7147	ds4
89718at7147	ds4
93012at7147	ds4
97395at7147	ds4
98282at7147	ds4
9921at7147	ds4
994at7147	ds4
100019at7147	ds5
10055at7147	ds5
103449at7147	ds5
103572at7147	ds5
10407at7147	ds5
10456at7147	ds5
10522at7147	ds5
105345at7147	ds5
10563at7147	ds5
1072at7147	ds5
107932at7147	ds5
110288at7147	ds5
11146at7147	ds5
113530at7147	ds5
11457at7147	ds5
11534at7147	ds5
116302at7147	ds5
117164at7147	ds5
11874at7147	ds5
119398at7147	ds5
12285at7147	ds5
1247at7147	ds5
12531at7147	ds5
127327at7147	ds5
128900at7147	ds5
13145at7147	ds5
133728at7147	ds5
133872at7147	ds5
135492at7147	ds5
13731at7147	ds5
13808at7147	ds5
139180at7147	ds5
141501at7147	ds5
142673at7147	ds5
143663at7147	ds5
14513at7147	ds5
145278at7147	ds5
14792at7147	ds5
148771at7147	ds5
149629at7147	ds5
149829at7147	ds5
149858at7147	ds5
150523at7147	ds5
152146at7147	ds5
152441at7147	ds5
15356at7147	ds5
153867at7147	ds5
156252at7147	ds5
15909at7147	ds5
161871at7147	ds5
161996at7147	ds5
162125at7147	ds5
162238at7147	ds5
162812at7147	ds5
16285at7147	ds5
162861at7147	ds5
162892at7147	ds5
162967at7147	ds5
162997at7147	ds5
163189at7147	ds5
163233at7147	ds5
163245at7147	ds5
163419at7147	ds5
163641at7147	ds5
163715at7147	ds5
163733at7147	ds5
163805at7147	ds5
163873at7147	ds5
164012at7147	ds5
164342at7147	ds5
164400at7147	ds5
16470at7147	ds5
164964at7147	ds5
165092at7147	ds5
165173at7147	ds5
165269at7147	ds5
165282at7147	ds5
165302at7147	ds5
165515at7147	ds5
165522at7147	ds5
165541at7147	ds5
165659at7147	ds5
165800at7147	ds5
165803at7147	ds5
165935at7147	ds5
165949at7147	ds5
166675at7147	ds5
16687at7147	ds5
166933at7147	ds5
167066at7147	ds5
167369at7147	ds5
16747at7147	ds5
167536at7147	ds5
167579at7147	ds5
167580at7147	ds5
167748at7147	ds5
167851at7147	ds5
168032at7147	ds5
168223at7147	ds5
168261at7147	ds5
168480at7147	ds5
168538at7147	ds5
168607at7147	ds5
168738at7147	ds5
168836at7147	ds5
168846at7147	ds5
168852at7147	ds5
168968at7147	ds5
169142at7147	ds5
169297at7147	ds5
169345at7147	ds5
171356at7147	ds5
172172at7147	ds5
173684at7147	ds5
174026at7147	ds5
174922at7147	ds5
17528at7147	ds5
175402at7147	ds5
175405at7147	ds5
175770at7147	ds5
17630at7147	ds5
176512at7147	ds5
17672at7147	ds5
176776at7147	ds5
177120at7147	ds5
178178at7147	ds5
179741at7147	ds5
17984at7147	ds5
179947at7147	ds5
180001at7147	ds5
180421at7147	ds5
18059at7147	ds5
181073at7147	ds5
181362at7147	ds5
181802at7147	ds5
181851at7147	ds5
182157at7147	ds5
182257at7147	ds5
182762at7147	ds5
183624at7147	ds5
183669at7147	ds5
183899at7147	ds5
184147at7147	ds5
184187at7147	ds5
184401at7147	ds5
184601at7147	ds5
184633at7147	ds5
184647at7147	ds5
185073at7147	ds5
18515at7147	ds5
185245at7147	ds5
185368at7147	ds5
185704at7147	ds5
185824at7147	ds5
185835at7147	ds5
186300at7147	ds5
186358at7147	ds5
186586at7147	ds5
186970at7147	ds5
187453at7147	ds5
187621at7147	ds5
188541at7147	ds5
189269at7147	ds5
189734at7147	ds5
190305at7147	ds5
190340at7147	ds5
190815at7147	ds5
190820at7147	ds5
191269at7147	ds5
191962at7147	ds5
192253at7147	ds5
192335at7147	ds5
192487at7147	ds5
192597at7147	ds5
193077at7147	ds5
193108at7147	ds5
193127at7147	ds5
193405at7147	ds5
193652at7147	ds5
193698at7147	ds5
193727at7147	ds5
193941at7147	ds5
194155at7147	ds5
194578at7147	ds5
194890at7147	ds5
195218at7147	ds5
195477at7147	ds5
195495at7147	ds5
195531at7147	ds5
195977at7147	ds5
196269at7147	ds5
196429at7147	ds5
19684at7147	ds5
197375at7147	ds5
197434at7147	ds5
197539at7147	ds5
197632at7147	ds5
197875at7147	ds5
19787at7147	ds5
198277at7147	ds5
19873at7147	ds5
199405at7147	ds5
199531at7147	ds5
200062at7147	ds5
200590at7147	ds5
200695at7147	ds5
20074at7147	ds5
201178at7147	ds5
201709at7147	ds5
202134at7147	ds5
202373at7147	ds5
202441at7147	ds5
202603at7147	ds5
202862at7147	ds5
202948at7147	ds5
202970at7147	ds5
203403at7147	ds5
204035at7147	ds5
204426at7147	ds5
204476at7147	ds5
204616at7147	ds5
204706at7147	ds5
205197at7147	ds5
205421at7147	ds5
205542at7147	ds5
205547at7147	ds5
206246at7147	ds5
206736at7147	ds5
207353at7147	ds5
207472at7147	ds5
207901at7147	ds5
208964at7147	ds5
209369at7147	ds5
209540at7147	ds5
209639at7147	ds5
210122at7147	ds5
210318at7147	ds5
210768at7147	ds5
210867at7147	ds5
211427at7147	ds5
211619at7147	ds5
211637at7147	ds5
211758at7147	ds5
211840at7147	ds5
211985at7147	ds5
212485at7147	ds5
213316at7147	ds5
213386at7147	ds5
214054at7147	ds5
214256at7147	ds5
214315at7147	ds5
21439at7147	ds5
214452at7147	ds5
214663at7147	ds5
21508at7147	ds5
215410at7147	ds5
215748at7147	ds5
215814at7147	ds5
21585at7147	ds5
215907at7147	ds5
216744at7147	ds5
216747at7147	ds5
216784at7147	ds5
216919at7147	ds5
217300at7147	ds5
217331at7147	ds5
217863at7147	ds5
21818at7147	ds5
218232at7147	ds5
218652at7147	ds5
218702at7147	ds5
218834at7147	ds5
219621at7147	ds5
219748at7147	ds5
219749at7147	ds5
219782at7147	ds5
219976at7147	ds5
220279at7147	ds5
221712at7147	ds5
221779at7147	ds5
221947at7147	ds5
221955at7147	ds5
222040at7147	ds5
222175at7147	ds5
222425at7147	ds5
222458at7147	ds5
22255at7147	ds5
222668at7147	ds5
22333at7147	ds5
223623at7147	ds5
223992at7147	ds5
22418at7147	ds5
224410at7147	ds5
224474at7147	ds5
224606at7147	ds5
225427at7147	ds5
225447at7147	ds5
225536at7147	ds5
225at7147	ds5
22604at7147	ds5
226095at7147	ds5
226451at7147	ds5
226641at7147	ds5
226671at7147	ds5
226878at7147	ds5
227327at7147	ds5
227369at7147	ds5
227847at7147	ds5
228439at7147	ds5
229094at7147	ds5
229391at7147	ds5
229492at7147	ds5
229672at7147	ds5
230103at7147	ds5
230372at7147	ds5
230733at7147	ds5
230818at7147	ds5
230877at7147	ds5
231675at7147	ds5
23197at7147	ds5
232030at7147	ds5
232531at7147	ds5
232552at7147	ds5
232624at7147	ds5
232701at7147	ds5
232952at7147	ds5
233751at7147	ds5
233984at7147	ds5
234306at7147	ds5
234367at7147	ds5
234808at7147	ds5
235280at7147	ds5
235467at7147	ds5
235509at7147	ds5
235545at7147	ds5
235715at7147	ds5
236464at7147	ds5
237014at7147	ds5
237167at7147	ds5
237608at7147	ds5
237752at7147	ds5
238372at7147	ds5
23846at7147	ds5
238757at7147	ds5
239210at7147	ds5
239407at7147	ds5
240493at7147	ds5
240980at7147	ds5
241788at7147	ds5
242124at7147	ds5
242460at7147	ds5
242686at7147	ds5
243105at7147	ds5
243541at7147	ds5
243617at7147	ds5
245191at7147	ds5
24557at7147	ds5
245796at7147	ds5
246352at7147	ds5
246477at7147	ds5
246788at7147	ds5
247389at7147	ds5
248030at7147	ds5
248087at7147	ds5
248179at7147	ds5
248256at7147	ds5
248569at7147	ds5
248599at7147	ds5
248914at7147	ds5
248932at7147	ds5
249087at7147	ds5
249317at7147	ds5
249403at7147	ds5
249524at7147	ds5
249573at7147	ds5
249799at7147	ds5
250017at7147	ds5
250340at7147	ds5
250425at7147	ds5
250473at7147	ds5
250601at7147	ds5
250603at7147	ds5
251730at7147	ds5
252042at7147	ds5
252068at7147	ds5
252099at7147	ds5
252141at7147	ds5
252527at7147	ds5
252539at7147	ds5
252597at7147	ds5
252815at7147	ds5
252952at7147	ds5
253068at7147	ds5
253335at7147	ds5
253357at7147	ds5
253521at7147	ds5
25381at7147	ds5
253970at7147	ds5
25399at7147	ds5
254081at7147	ds5
254308at7147	ds5
254340at7147	ds5
25471at7147	ds5
255002at7147	ds5
255443at7147	ds5
255746at7147	ds5
255927at7147	ds5
255991at7147	ds5
256493at7147	ds5
256533at7147	ds5
25662at7147	ds5
256756at7147	ds5
257074at7147	ds5
257726at7147	ds5
257774at7147	ds5
257791at7147	ds5
257968at7147	ds5
258018at7147	ds5
258259at7147	ds5
258537at7147	ds5
258591at7147	ds5
259106at7147	ds5
259201at7147	ds5
25925at7147	ds5
259296at7147	ds5
259691at7147	ds5
260276at7147	ds5
260331at7147	ds5
260478at7147	ds5
260626at7147	ds5
260859at7147	ds5
260915at7147	ds5
261350at7147	ds5
261364at7147	ds5
261561at7147	ds5
262133at7147	ds5
262476at7147	ds5
262672at7147	ds5
26270at7147	ds5
262827at7147	ds5
262843at7147	ds5
263176at7147	ds5
263544at7147	ds5
263622at7147	ds5
263809at7147	ds5
263862at7147	ds5
264016at7147	ds5
264221at7147	ds5
26431at7147	ds5
264387at7147	ds5
264634at7147	ds5
264987at7147	ds5
265468at7147	ds5
265480at7147	ds5
265601at7147	ds5
265829at7147	ds5
266083at7147	ds5
266121at7147	ds5
266130at7147	ds5
266814at7147	ds5
267052at7147	ds5
267189at7147	ds5
267502at7147	ds5
267567at7147	ds5
26759at7147	ds5
267608at7147	ds5
267616at7147	ds5
267736at7147	ds5
267760at7147	ds5
267819at7147	ds5
267852at7147	ds5
267888at7147	ds5
26790at7147	ds5
268234at7147	ds5
268351at7147	ds5
26907at7147	ds5
269405at7147	ds5
270008at7147	ds5
27022at7147	ds5
270255at7147	ds5
270297at7147	ds5
270465at7147	ds5
270478at7147	ds5
270794at7147	ds5
270856at7147	ds5
270898at7147	ds5
271137at7147	ds5
271237at7147	ds5
27128at7147	ds5
271390at7147	ds5
272043at7147	ds5
272336at7147	ds5
272436at7147	ds5
272484at7147	ds5
272529at7147	ds5
272674at7147	ds5
273378at7147	ds5
273635at7147	ds5
273986at7147	ds5
274127at7147	ds5
274181at7147	ds5
274581at7147	ds5
274653at7147	ds5
274681at7147	ds5
274711at7147	ds5
275228at7147	ds5
276045at7147	ds5
276098at7147	ds5
276514at7147	ds5
276635at7147	ds5
276755at7147	ds5
277359at7147	ds5
277566at7147	ds5
27804at7147	ds5
279155at7147	ds5
279417at7147	ds5
279532at7147	ds5
280026at7147	ds5
280460at7147	ds5
280577at7147	ds5
280772at7147	ds5
280902at7147	ds5
280924at7147	ds5
281188at7147	ds5
281264at7147	ds5
281282at7147	ds5
281324at7147	ds5
281374at7147	ds5
281381at7147	ds5
281924at7147	ds5
282748at7147	ds5
282848at7147	ds5
283137at7147	ds5
283159at7147	ds5
283163at7147	ds5
283431at7147	ds5
283644at7147	ds5
283691at7147	ds5
284282at7147	ds5
285035at7147	ds5
285312at7147	ds5
285481at7147	ds5
285538at7147	ds5
285678at7147	ds5
286138at7147	ds5
286182at7147	ds5
286257at7147	ds5
286854at7147	ds5
287289at7147	ds5
287401at7147	ds5
287488at7147	ds5
287523at7147	ds5
287631at7147	ds5
287656at7147	ds5
287742at7147	ds5
287967at7147	ds5
288271at7147	ds5
288771at7147	ds5
288845at7147	ds5
289027at7147	ds5
289134at7147	ds5
289464at7147	ds5
289959at7147	ds5
291230at7147	ds5
291269at7147	ds5
291747at7147	ds5
291775at7147	ds5
291799at7147	ds5
291806at7147	ds5
291851at7147	ds5
291969at7147	ds5
292315at7147	ds5
292516at7147	ds5
292686at7147	ds5
292807at7147	ds5
293743at7147	ds5
293787at7147	ds5
293819at7147	ds5
293958at7147	ds5
294036at7147	ds5
294341at7147	ds5
294539at7147	ds5
294643at7147	ds5
294953at7147	ds5
295066at7147	ds5
29535at7147	ds5
295714at7147	ds5
295841at7147	ds5
296064at7147	ds5
296070at7147	ds5
296217at7147	ds5
296669at7147	ds5
297115at7147	ds5
297379at7147	ds5
297610at7147	ds5
297773at7147	ds5
298096at7147	ds5
299091at7147	ds5
299208at7147	ds5
299539at7147	ds5
300625at7147	ds5
300691at7147	ds5
301031at7147	ds5
301263at7147	ds5
301802at7147	ds5
302001at7147	ds5
302131at7147	ds5
302345at7147	ds5
302468at7147	ds5
302479at7147	ds5
302572at7147	ds5
302595at7147	ds5
303109at7147	ds5
303520at7147	ds5
303635at7147	ds5
303810at7147	ds5
304230at7147	ds5
304533at7147	ds5
304708at7147	ds5
304856at7147	ds5
304872at7147	ds5
305005at7147	ds5
305895at7147	ds5
305949at7147	ds5
306330at7147	ds5
306684at7147	ds5
307255at7147	ds5
307277at7147	ds5
307987at7147	ds5
308232at7147	ds5
308369at7147	ds5
308630at7147	ds5
308668at7147	ds5
308728at7147	ds5
308760at7147	ds5
308781at7147	ds5
308920at7147	ds5
309228at7147	ds5
309374at7147	ds5
309394at7147	ds5
309613at7147	ds5
309709at7147	ds5
310079at7147	ds5
310082at7147	ds5
310366at7147	ds5
310451at7147	ds5
310466at7147	ds5
310580at7147	ds5
310764at7147	ds5
311174at7147	ds5
311225at7147	ds5
311417at7147	ds5
311719at7147	ds5
311793at7147	ds5
313075at7147	ds5
313130at7147	ds5
313308at7147	ds5
313486at7147	ds5
313877at7147	ds5
314575at7147	ds5
314587at7147	ds5
314745at7147	ds5
315296at7147	ds5
315452at7147	ds5
315597at7147	ds5
315852at7147	ds5
316446at7147	ds5
316714at7147	ds5
316991at7147	ds5
317413at7147	ds5
318425at7147	ds5
318442at7147	ds5
318732at7147	ds5
319697at7147	ds5
32054at7147	ds5
320558at7147	ds5
320612at7147	ds5
320959at7147	ds5
321048at7147	ds5
32137at7147	ds5
32210at7147	ds5
322179at7147	ds5
322321at7147	ds5
322366at7147	ds5
322474at7147	ds5
322876at7147	ds5
32293at7147	ds5
323057at7147	ds5
323186at7147	ds5
323291at7147	ds5
323543at7147	ds5
323631at7147	ds5
323908at7147	ds5
324287at7147	ds5
324327at7147	ds5
324612at7147	ds5
32487at7147	ds5
32518at7147	ds5
325191at7147	ds5
325336at7147	ds5
325776at7147	ds5
325909at7147	ds5
326706at7147	ds5
326977at7147	ds5
327139at7147	ds5
32720at7147	ds5
327637at7147	ds5
327727at7147	ds5
328039at7147	ds5
328111at7147	ds5
328154at7147	ds5
328340at7147	ds5
328774at7147	ds5
329005at7147	ds5
329136at7147	ds5
329191at7147	ds5
329216at7147	ds5
329283at7147	ds5
329992at7147	ds5
330587at7147	ds5
331273at7147	ds5
331780at7147	ds5
332196at7147	ds5
332277at7147	ds5
332289at7147	ds5
33238at7147	ds5
332961at7147	ds5
33296at7147	ds5
333748at7147	ds5
333750at7147	ds5
333779at7147	ds5
333919at7147	ds5
333974at7147	ds5
334671at7147	ds5
334708at7147	ds5
33512at7147	ds5
335718at7147	ds5
336055at7147	ds5
336114at7147	ds5
336225at7147	ds5
33639at7147	ds5
336480at7147	ds5
336831at7147	ds5
336988at7147	ds5
337144at7147	ds5
337154at7147	ds5
337170at7147	ds5
337205at7147	ds5
337892at7147	ds5
337991at7147	ds5
33872at7147	ds5
339009at7147	ds5
339219at7147	ds5
339340at7147	ds5
33935at7147	ds5
33961at7147	ds5
339679at7147	ds5
339753at7147	ds5
34040at7147	ds5
340706at7147	ds5
341050at7147	ds5
3413at7147	ds5
341938at7147	ds5
34225at7147	ds5
342356at7147	ds5
342481at7147	ds5
34256at7147	ds5
343082at7147	ds5
343282at7147	ds5
343684at7147	ds5
344542at7147	ds5
344901at7147	ds5
344902at7147	ds5
345076at7147	ds5
34569at7147	ds5
345709at7147	ds5
347246at7147	ds5
3474at7147	ds5
347901at7147	ds5
34796at7147	ds5
348842at7147	ds5
348892at7147	ds5
349066at7147	ds5
349505at7147	ds5
349613at7147	ds5
349975at7147	ds5
350020at7147	ds5
35057at7147	ds5
350842at7147	ds5
351128at7147	ds5
35151at7147	ds5
351540at7147	ds5
351859at7147	ds5
352170at7147	ds5
352780at7147	ds5
35281at7147	ds5
352923at7147	ds5
355206at7147	ds5
356016at7147	ds5
356071at7147	ds5
35945at7147	ds5
36517at7147	ds5
37183at7147	ds5
37358at7147	ds5
39130at7147	ds5
39285at7147	ds5
39752at7147	ds5
39793at7147	ds5
40115at7147	ds5
40213at7147	ds5
40345at7147	ds5
40450at7147	ds5
40528at7147	ds5
40535at7147	ds5
40670at7147	ds5
40846at7147	ds5
40927at7147	ds5
40957at7147	ds5
41454at7147	ds5
4164at7147	ds5
41747at7147	ds5
41881at7147	ds5
4218at7147	ds5
421at7147	ds5
42201at7147	ds5
42570at7147	ds5
43239at7147	ds5
43269at7147	ds5
43302at7147	ds5
43826at7147	ds5
44053at7147	ds5
44265at7147	ds5
44395at7147	ds5
45130at7147	ds5
4573at7147	ds5
45780at7147	ds5
4606at7147	ds5
46874at7147	ds5
47694at7147	ds5
47737at7147	ds5
47890at7147	ds5
48144at7147	ds5
48836at7147	ds5
49412at7147	ds5
50224at7147	ds5
50577at7147	ds5
50868at7147	ds5
5213at7147	ds5
5241at7147	ds5
5263at7147	ds5
5433at7147	ds5
54547at7147	ds5
54637at7147	ds5
54640at7147	ds5
54654at7147	ds5
54778at7147	ds5
54788at7147	ds5
54802at7147	ds5
54838at7147	ds5
54892at7147	ds5
54916at7147	ds5
54965at7147	ds5
54967at7147	ds5
54985at7147	ds5
55009at7147	ds5
55080at7147	ds5
55089at7147	ds5
55110at7147	ds5
55132at7147	ds5
55219at7147	ds5
55241at7147	ds5
55263at7147	ds5
55290at7147	ds5
55332at7147	ds5
55336at7147	ds5
55366at7147	ds5
55423at7147	ds5
55434at7147	ds5
55441at7147	ds5
55475at7147	ds5
55526at7147	ds5
55543at7147	ds5
55587at7147	ds5
55608at7147	ds5
55637at7147	ds5
55659at7147	ds5
55688at7147	ds5
55702at7147	ds5
55724at7147	ds5
55728at7147	ds5
55738at7147	ds5
55810at7147	ds5
55886at7147	ds5
55949at7147	ds5
56081at7147	ds5
56158at7147	ds5
56167at7147	ds5
56185at7147	ds5
56254at7147	ds5
56271at7147	ds5
56279at7147	ds5
56314at7147	ds5
56337at7147	ds5
56416at7147	ds5
56506at7147	ds5
56553at7147	ds5
56662at7147	ds5
5674at7147	ds5
56913at7147	ds5
56927at7147	ds5
57046at7147	ds5
57071at7147	ds5
57082at7147	ds5
57152at7147	ds5
57156at7147	ds5
57233at7147	ds5
57347at7147	ds5
57360at7147	ds5
57426at7147	ds5
57615at7147	ds5
57635at7147	ds5
57773at7147	ds5
57806at7147	ds5
57868at7147	ds5
57890at7147	ds5
58040at7147	ds5
58059at7147	ds5
58103at7147	ds5
58183at7147	ds5
58248at7147	ds5
58253at7147	ds5
58283at7147	ds5
58382at7147	ds5
58438at7147	ds5
5845at7147	ds5
5858at7147	ds5
58828at7147	ds5
58932at7147	ds5
59021at7147	ds5
59031at7147	ds5
59034at7147	ds5
59036at7147	ds5
59056at7147	ds5
59058at7147	ds5
59098at7147	ds5
59146at7147	ds5
59207at7147	ds5
59214at7147	ds5
59326at7147	ds5
59366at7147	ds5
59372at7147	ds5
59501at7147	ds5
59540at7147	ds5
59603at7147	ds5
59688at7147	ds5
59758at7147	ds5
59885at7147	ds5
59908at7147	ds5
59991at7147	ds5
60091at7147	ds5
60114at7147	ds5
60174at7147	ds5
60271at7147	ds5
60315at7147	ds5
60381at7147	ds5
60427at7147	ds5
60499at7147	ds5
60504at7147	ds5
60581at7147	ds5
60612at7147	ds5
60643at7147	ds5
60656at7147	ds5
60708at7147	ds5
60719at7147	ds5
60720at7147	ds5
60817at7147	ds5
60826at7147	ds5
60885at7147	ds5
60941at7147	ds5
60947at7147	ds5
61082at7147	ds5
61113at7147	ds5
61138at7147	ds5
61255at7147	ds5
61299at7147	ds5
61306at7147	ds5
61340at7147	ds5
61374at7147	ds5
61388at7147	ds5
61410at7147	ds5
61469at7147	ds5
61509at7147	ds5
61559at7147	ds5
61710at7147	ds5
61713at7147	ds5
61746at7147	ds5
61750at7147	ds5
61769at7147	ds5
61797at7147	ds5
61815at7147	ds5
61842at7147	ds5
61879at7147	ds5
61928at7147	ds5
61941at7147	ds5
61986at7147	ds5
62045at7147	ds5
62066at7147	ds5
62144at7147	ds5
62147at7147	ds5
62282at7147	ds5
6240at7147	ds5
62443at7147	ds5
62451at7147	ds5
62860at7147	ds5
62912at7147	ds5
62916at7147	ds5
62957at7147	ds5
63014at7147	ds5
63030at7147	ds5
63036at7147	ds5
63096at7147	ds5
63138at7147	ds5
63142at7147	ds5
63177at7147	ds5
63341at7147	ds5
63354at7147	ds5
63388at7147	ds5
63447at7147	ds5
63492at7147	ds5
63539at7147	ds5
63585at7147	ds5
63604at7147	ds5
63639at7147	ds5
63670at7147	ds5
63673at7147	ds5
63727at7147	ds5
63829at7147	ds5
63959at7147	ds5
64036at7147	ds5
64050at7147	ds5
64130at7147	ds5
64158at7147	ds5
64167at7147	ds5
64183at7147	ds5
64351at7147	ds5
64374at7147	ds5
64380at7147	ds5
64413at7147	ds5
64440at7147	ds5
64472at7147	ds5
64480at7147	ds5
64639at7147	ds5
64696at7147	ds5
64810at7147	ds5
64887at7147	ds5
64968at7147	ds5
64993at7147	ds5
65041at7147	ds5
65194at7147	ds5
65232at7147	ds5
65323at7147	ds5
65376at7147	ds5
65380at7147	ds5
65385at7147	ds5
65485at7147	ds5
65537at7147	ds5
65643at7147	ds5
66000at7147	ds5
66020at7147	ds5
66053at7147	ds5
66348at7147	ds5
66349at7147	ds5
66361at7147	ds5
66414at7147	ds5
66457at7147	ds5
66475at7147	ds5
66514at7147	ds5
66567at7147	ds5
66649at7147	ds5
66702at7147	ds5
66927at7147	ds5
66984at7147	ds5
67025at7147	ds5
67026at7147	ds5
67045at7147	ds5
67170at7147	ds5
67222at7147	ds5
67335at7147	ds5
67337at7147	ds5
67347at7147	ds5
67422at7147	ds5
67451at7147	ds5
67639at7147	ds5
67779at7147	ds5
67866at7147	ds5
67949at7147	ds5
67989at7147	ds5
68004at7147	ds5
68052at7147	ds5
68227at7147	ds5
68267at7147	ds5
68362at7147	ds5
68528at7147	ds5
68535at7147	ds5
68567at7147	ds5
68595at7147	ds5
68696at7147	ds5
68714at7147	ds5
68729at7147	ds5
68803at7147	ds5
68897at7147	ds5
68930at7147	ds5
68995at7147	ds5
69070at7147	ds5
69075at7147	ds5
69092at7147	ds5
69182at7147	ds5
69198at7147	ds5
69246at7147	ds5
69398at7147	ds5
69478at7147	ds5
69556at7147	ds5
69668at7147	ds5
69706at7147	ds5
6974at7147	ds5
69823at7147	ds5
69925at7147	ds5
70036at7147	ds5
70115at7147	ds5
70276at7147	ds5
70302at7147	ds5
70477at7147	ds5
70519at7147	ds5
7054at7147	ds5
70552at7147	ds5
70680at7147	ds5
70721at7147	ds5
70737at7147	ds5
70853at7147	ds5
70941at7147	ds5
71146at7147	ds5
71152at7147	ds5
71177at7147	ds5
71183at7147	ds5
71239at7147	ds5
71282at7147	ds5
71292at7147	ds5
71309at7147	ds5
71326at7147	ds5
71353at7147	ds5
71374at7147	ds5
71469at7147	ds5
71572at7147	ds5
71660at7147	ds5
71780at7147	ds5
71851at7147	ds5
72000at7147	ds5
72026at7147	ds5
72074at7147	ds5
72076at7147	ds5
72148at7147	ds5
72159at7147	ds5
72386at7147	ds5
72427at7147	ds5
72440at7147	ds5
72445at7147	ds5
72683at7147	ds5
72706at7147	ds5
72824at7147	ds5
72836at7147	ds5
72851at7147	ds5
72911at7147	ds5
72948at7147	ds5
72959at7147	ds5
72989at7147	ds5
73202at7147	ds5
73241at7147	ds5
73247at7147	ds5
73318at7147	ds5
7355at7147	ds5
73561at7147	ds5
73571at7147	ds5
73590at7147	ds5
73599at7147	ds5
73648at7147	ds5
73758at7147	ds5
74082at7147	ds5
74236at7147	ds5
74302at7147	ds5
74373at7147	ds5
74458at7147	ds5
74492at7147	ds5
74588at7147	ds5
74618at7147	ds5
74641at7147	ds5
74667at7147	ds5
74668at7147	ds5
74763at7147	ds5
74829at7147	ds5
74916at7147	ds5
75040at7147	ds5
75113at7147	ds5
75206at7147	ds5
7527at7147	ds5
75537at7147	ds5
75540at7147	ds5
75790at7147	ds5
75811at7147	ds5
75814at7147	ds5
75860at7147	ds5
75868at7147	ds5
75872at7147	ds5
75895at7147	ds5
75907at7147	ds5
76175at7147	ds5
76321at7147	ds5
76362at7147	ds5
76376at7147	ds5
76493at7147	ds5
76622at7147	ds5
76625at7147	ds5
76630at7147	ds5
76650at7147	ds5
76737at7147	ds5
7677at7147	ds5
76807at7147	ds5
76958at7147	ds5
76959at7147	ds5
77031at7147	ds5
77133at7147	ds5
8037at7147	ds5
8161at7147	ds5
8364at7147	ds5
8456at7147	ds5
87230at7147	ds5
8944at7147	ds5
908at7147	ds5
90937at7147	ds5
91028at7147	ds5
9425at7147	ds5
94660at7147	ds5
95207at7147	ds5
96682at7147	ds5
97765at7147	ds5
